old_path,old_filename,new_path,new_filename,timestamp,reason,source_size,source_sha256
C:/Users/EZ/Desktop/git-blog/_image/2021-12-01-CheshireCat1.jpg,2021-12-01-CheshireCat1.jpg,C:/Users/EZ/Desktop/git-blog/_image/2021-12-01-00-00-00.jpg,2021-12-01-00-00-00.jpg,2021-12-01T00:00:00,파일명 날짜/시각 또는 파일 수정 시각,4816,9829c9d1bf7133c68cda30b0be1e87affc2eef0cc606d9ae5bfc75cd3de77d38
C:/Users/EZ/Desktop/git-blog/_image/2021-12-01-CheshireCat2.png,2021-12-01-CheshireCat2.png,C:/Users/EZ/Desktop/git-blog/_image/2021-12-01-00-00-00.png,2021-12-01-00-00-00.png,2021-12-01T00:00:00,파일명 날짜/시각 또는 파일 수정 시각,196613,c2254116b7ae617ebb151a4949c7cb04b3258f6385c90e16bc54f3f01bb0f26a
C:/Users/EZ/Desktop/git-blog/_image/2021-12-01-CheshireCat3.png,2021-12-01-CheshireCat3.png,C:/Users/EZ/Desktop/git-blog/_image/2021-12-01-00-00-01.png,2021-12-01-00-00-01.png,2021-12-01T00:00:01,파일명 날짜/시각 또는 파일 수정 시각 + 이름 충돌 보정,37409,29b07aa65e785ae2dff527838b9c514c94f80097469f0d820d02b4f851247b85
C:/Users/EZ/Desktop/git-blog/_image/2021-12-01-CheshireCat4.png,2021-12-01-CheshireCat4.png,C:/Users/EZ/Desktop/git-blog/_image/2021-12-01-00-00-02.png,2021-12-01-00-00-02.png,2021-12-01T00:00:02,파일명 날짜/시각 또는 파일 수정 시각 + 이름 충돌 보정,59087,6dbe9ca1549e77655b0185a05a0257f41f0d8b1d15a8ad17275095d3654c5ffc
C:/Users/EZ/Desktop/git-blog/_image/2021-12-01-chess.png,2021-12-01-chess.png,C:/Users/EZ/Desktop/git-blog/_image/2021-12-01-00-00-03.png,2021-12-01-00-00-03.png,2021-12-01T00:00:03,파일명 날짜/시각 또는 파일 수정 시각 + 이름 충돌 보정,401849,01a4f8db9d1f7259009353551a8d9d68d955738bde1a595e7f0114e5b9050634
C:/Users/EZ/Desktop/git-blog/_image/2021-12-01-chess_negative.png,2021-12-01-chess_negative.png,C:/Users/EZ/Desktop/git-blog/_image/2021-12-01-00-00-04.png,2021-12-01-00-00-04.png,2021-12-01T00:00:04,파일명 날짜/시각 또는 파일 수정 시각 + 이름 충돌 보정,479335,46dd93c0a5a5a1bb6ec6e086c4cd86eb3b644b8245c28b3fab41d9d73b1f2e1e
C:/Users/EZ/Desktop/git-blog/_image/2021-12-01-screenshot-error.png,2021-12-01-screenshot-error.png,C:/Users/EZ/Desktop/git-blog/_image/2021-12-01-00-00-05.png,2021-12-01-00-00-05.png,2021-12-01T00:00:05,파일명 날짜/시각 또는 파일 수정 시각 + 이름 충돌 보정,386565,027a5a1448c8a279fcc33c986d0010b7924f85ac70b0b55476db55ce56b8c821
C:/Users/EZ/Desktop/git-blog/_image/2021-12-01-screenshot-google-analytics.png,2021-12-01-screenshot-google-analytics.png,C:/Users/EZ/Desktop/git-blog/_image/2021-12-01-00-00-06.png,2021-12-01-00-00-06.png,2021-12-01T00:00:06,파일명 날짜/시각 또는 파일 수정 시각 + 이름 충돌 보정,49999,f877d385710ee134873d43bb707f0bd7b4719e7913b6a9bfa54357551b037943
C:/Users/EZ/Desktop/git-blog/_image/2021-12-01-wonderland.jpg,2021-12-01-wonderland.jpg,C:/Users/EZ/Desktop/git-blog/_image/2021-12-01-00-00-01.jpg,2021-12-01-00-00-01.jpg,2021-12-01T00:00:01,파일명 날짜/시각 또는 파일 수정 시각 + 이름 충돌 보정,2071225,803950c2c1908d44a1825e22561323b271a51a1706ae2bc3346984f66818a71f
C:/Users/EZ/Desktop/git-blog/_image/2021-12-09-Screenshot.png,2021-12-09-Screenshot.png,C:/Users/EZ/Desktop/git-blog/_image/2021-12-09-00-00-00.png,2021-12-09-00-00-00.png,2021-12-09T00:00:00,파일명 날짜/시각 또는 파일 수정 시각,34429,69b825bddf5d91f7a29baef30a78691704422d9d22a278495d48b31ce25c08fb
C:/Users/EZ/Desktop/git-blog/_image/2022-06-29-74_image.png,2022-06-29-74_image.png,C:/Users/EZ/Desktop/git-blog/_image/2022-06-29-00-00-00.png,2022-06-29-00-00-00.png,2022-06-29T00:00:00,파일명 날짜/시각 또는 파일 수정 시각,101495,233ffad0428a6b3218a827af81cf62a8819842642fac91a2f2aa58d848146529
C:/Users/EZ/Desktop/git-blog/_image/2022-10-24-coeff.PNG,2022-10-24-coeff.PNG,C:/Users/EZ/Desktop/git-blog/_image/2022-10-24-00-00-00.png,2022-10-24-00-00-00.png,2022-10-24T00:00:00,파일명 날짜/시각 또는 파일 수정 시각,16920,23af0ac72907f99df99d095bd86f344e8320925a2b9186bc58ad15296771e1e3
C:/Users/EZ/Desktop/git-blog/_image/2022-10-24-coeff_figure.png,2022-10-24-coeff_figure.png,C:/Users/EZ/Desktop/git-blog/_image/2022-10-24-00-00-01.png,2022-10-24-00-00-01.png,2022-10-24T00:00:01,파일명 날짜/시각 또는 파일 수정 시각 + 이름 충돌 보정,866843,976e60ffd747d5c6b3ab8d0f904dd4fd4e3496a1bda8430a5b0fa1de7be0bbfd
C:/Users/EZ/Desktop/git-blog/_image/2022-10-24-covariance.PNG,2022-10-24-covariance.PNG,C:/Users/EZ/Desktop/git-blog/_image/2022-10-24-00-00-02.png,2022-10-24-00-00-02.png,2022-10-24T00:00:02,파일명 날짜/시각 또는 파일 수정 시각 + 이름 충돌 보정,20437,39820f71ea09457378ae1e65139b89cf2a7ff51af84533291d9c46365dc1bdd3
C:/Users/EZ/Desktop/git-blog/_image/2022-10-24-gradient_descent.PNG,2022-10-24-gradient_descent.PNG,C:/Users/EZ/Desktop/git-blog/_image/2022-10-24-00-00-03.png,2022-10-24-00-00-03.png,2022-10-24T00:00:03,파일명 날짜/시각 또는 파일 수정 시각 + 이름 충돌 보정,179942,f5bfb82dab8e38ace16b681e4b2c41cf977aba28536d62d83cd450b1e05a382f
C:/Users/EZ/Desktop/git-blog/_image/2022-10-24-gradient_descent_1.PNG,2022-10-24-gradient_descent_1.PNG,C:/Users/EZ/Desktop/git-blog/_image/2022-10-24-00-00-04.png,2022-10-24-00-00-04.png,2022-10-24T00:00:04,파일명 날짜/시각 또는 파일 수정 시각 + 이름 충돌 보정,122916,5acff9691d0423d071f895c53af718f124d0d8bdf4a751d016f0cd7c860777e0
C:/Users/EZ/Desktop/git-blog/_image/2022-10-24-gradient_descent_2.PNG,2022-10-24-gradient_descent_2.PNG,C:/Users/EZ/Desktop/git-blog/_image/2022-10-24-00-00-05.png,2022-10-24-00-00-05.png,2022-10-24T00:00:05,파일명 날짜/시각 또는 파일 수정 시각 + 이름 충돌 보정,16935,f8e8170f69be37a234c131f6ffdfabaab6aca6e55dc8835568ab0b72acff2eb4
C:/Users/EZ/Desktop/git-blog/_image/2022-10-24-hypothesis_and_cost.PNG,2022-10-24-hypothesis_and_cost.PNG,C:/Users/EZ/Desktop/git-blog/_image/2022-10-24-00-00-06.png,2022-10-24-00-00-06.png,2022-10-24T00:00:06,파일명 날짜/시각 또는 파일 수정 시각 + 이름 충돌 보정,16565,3abeadf07bbc46557b3d115ef0c6ff551209e1c7d3b57a9e789522df0eef1df9
C:/Users/EZ/Desktop/git-blog/_image/2022-10-24-linear_regression.png,2022-10-24-linear_regression.png,C:/Users/EZ/Desktop/git-blog/_image/2022-10-24-00-00-07.png,2022-10-24-00-00-07.png,2022-10-24T00:00:07,파일명 날짜/시각 또는 파일 수정 시각 + 이름 충돌 보정,19014,96fb27109510acd319b6ac60a43fdacbb974e46a7f2b25d8d471c7c59340c4d0
C:/Users/EZ/Desktop/git-blog/_image/2022-10-24-matrix.png,2022-10-24-matrix.png,C:/Users/EZ/Desktop/git-blog/_image/2022-10-24-00-00-08.png,2022-10-24-00-00-08.png,2022-10-24T00:00:08,파일명 날짜/시각 또는 파일 수정 시각 + 이름 충돌 보정,57957,53467f1dc0a2c13ac2c9ab10af06714f1dacedf258549dcdf1a8d65de55fb383
C:/Users/EZ/Desktop/git-blog/_image/2022-10-24-matrix_product.png,2022-10-24-matrix_product.png,C:/Users/EZ/Desktop/git-blog/_image/2022-10-24-00-00-09.png,2022-10-24-00-00-09.png,2022-10-24T00:00:09,파일명 날짜/시각 또는 파일 수정 시각 + 이름 충돌 보정,288204,cdb57d064c1fa7683be74d8dde4ba989e72772db3f324e9d5ef9e61946ac56ee
C:/Users/EZ/Desktop/git-blog/_image/2022-10-24-torch_tensor.png,2022-10-24-torch_tensor.png,C:/Users/EZ/Desktop/git-blog/_image/2022-10-24-00-00-10.png,2022-10-24-00-00-10.png,2022-10-24T00:00:10,파일명 날짜/시각 또는 파일 수정 시각 + 이름 충돌 보정,98123,a51839661232ef0c0648fa14a4b59d3c58a5fdac359a2479f1f0d0d43a54677c
C:/Users/EZ/Desktop/git-blog/_image/2022-10-24-vector.png,2022-10-24-vector.png,C:/Users/EZ/Desktop/git-blog/_image/2022-10-24-00-00-11.png,2022-10-24-00-00-11.png,2022-10-24T00:00:11,파일명 날짜/시각 또는 파일 수정 시각 + 이름 충돌 보정,58006,5522ffd26e7dc30478d6a6f12749c7bf7302cf486e65ce2676f2f054f5a9219b
C:/Users/EZ/Desktop/git-blog/_image/2024-10-17-1.png,2024-10-17-1.png,C:/Users/EZ/Desktop/git-blog/_image/2024-10-17-00-00-00.png,2024-10-17-00-00-00.png,2024-10-17T00:00:00,파일명 날짜/시각 또는 파일 수정 시각,25281,6b0efe893dffacd87c2ca3acfb7625a331699d00a4db3b00aa8ad44e9d85553c
C:/Users/EZ/Desktop/git-blog/_image/2024-10-17-2.png,2024-10-17-2.png,C:/Users/EZ/Desktop/git-blog/_image/2024-10-17-00-00-01.png,2024-10-17-00-00-01.png,2024-10-17T00:00:01,파일명 날짜/시각 또는 파일 수정 시각 + 이름 충돌 보정,16977,b1f9e2df948404191db987efb1c3994e0c2864f1a300778b332ec3b4e7226da1
C:/Users/EZ/Desktop/git-blog/_image/2024-10-17-3.png,2024-10-17-3.png,C:/Users/EZ/Desktop/git-blog/_image/2024-10-17-00-00-02.png,2024-10-17-00-00-02.png,2024-10-17T00:00:02,파일명 날짜/시각 또는 파일 수정 시각 + 이름 충돌 보정,82893,d65d50e438fff8579710adc60bb131a7cb5275e6b608f7ecccbc3bed41aad7a0
C:/Users/EZ/Desktop/git-blog/_image/2024-10-17-4.png,2024-10-17-4.png,C:/Users/EZ/Desktop/git-blog/_image/2024-10-17-00-00-03.png,2024-10-17-00-00-03.png,2024-10-17T00:00:03,파일명 날짜/시각 또는 파일 수정 시각 + 이름 충돌 보정,40389,296566deed88595831f801267279046abe1c0dbbfb521e4d6ae63b28d87b110a
C:/Users/EZ/Desktop/git-blog/_image/2024-10-17-5.png,2024-10-17-5.png,C:/Users/EZ/Desktop/git-blog/_image/2024-10-17-00-00-04.png,2024-10-17-00-00-04.png,2024-10-17T00:00:04,파일명 날짜/시각 또는 파일 수정 시각 + 이름 충돌 보정,17779,397c9a99756a5bc4005d131f8e2a4909639d49c65eab197b6abc68144888f5f0
C:/Users/EZ/Desktop/git-blog/_image/2024-10-17-6.png,2024-10-17-6.png,C:/Users/EZ/Desktop/git-blog/_image/2024-10-17-00-00-05.png,2024-10-17-00-00-05.png,2024-10-17T00:00:05,파일명 날짜/시각 또는 파일 수정 시각 + 이름 충돌 보정,11554,aba94c42849ddc8f5509e7b73e2cde85f9c1a3a6618f811c1f046f9c31154a80
C:/Users/EZ/Desktop/git-blog/_image/2024-10-18-1.jpg,2024-10-18-1.jpg,C:/Users/EZ/Desktop/git-blog/_image/2024-10-18-00-00-00.jpg,2024-10-18-00-00-00.jpg,2024-10-18T00:00:00,파일명 날짜/시각 또는 파일 수정 시각,153777,622ec931516ea4f45018fef0f413f58ab31610cce9a3046a77800a691b3f3ea2
C:/Users/EZ/Desktop/git-blog/_image/2024-10-18-2.png,2024-10-18-2.png,C:/Users/EZ/Desktop/git-blog/_image/2024-10-18-00-00-00.png,2024-10-18-00-00-00.png,2024-10-18T00:00:00,파일명 날짜/시각 또는 파일 수정 시각,3167,c40abe4bc439fa559965bf87b95e292b3ec38b9b5b3e70720018a94c83942b80
C:/Users/EZ/Desktop/git-blog/_image/2024-10-18-3.png,2024-10-18-3.png,C:/Users/EZ/Desktop/git-blog/_image/2024-10-18-00-00-01.png,2024-10-18-00-00-01.png,2024-10-18T00:00:01,파일명 날짜/시각 또는 파일 수정 시각 + 이름 충돌 보정,46384,68ab9b0ddb384084537703cdaceb6bab3f4670c5712032e13fc098d97bca244b
C:/Users/EZ/Desktop/git-blog/_image/2024-10-18-4.png,2024-10-18-4.png,C:/Users/EZ/Desktop/git-blog/_image/2024-10-18-00-00-02.png,2024-10-18-00-00-02.png,2024-10-18T00:00:02,파일명 날짜/시각 또는 파일 수정 시각 + 이름 충돌 보정,39031,4e063d04bdb404fa5e8dec4faece6bc9070c0714996cda77db166464cd3e1832
C:/Users/EZ/Desktop/git-blog/_image/2024-10-18-5.jpg,2024-10-18-5.jpg,C:/Users/EZ/Desktop/git-blog/_image/2024-10-18-00-00-01.jpg,2024-10-18-00-00-01.jpg,2024-10-18T00:00:01,파일명 날짜/시각 또는 파일 수정 시각 + 이름 충돌 보정,21498,c4cc6f8643287837f05221400bab1172f62f36c63da2372adf565747e7f706e2
C:/Users/EZ/Desktop/git-blog/_image/2024-10-18-6.png,2024-10-18-6.png,C:/Users/EZ/Desktop/git-blog/_image/2024-10-18-00-00-03.png,2024-10-18-00-00-03.png,2024-10-18T00:00:03,파일명 날짜/시각 또는 파일 수정 시각 + 이름 충돌 보정,10871,d16ea69e0ddc661dafc1ca7196cf7012c8f40f3c2c8ffb73063571f35698649e
C:/Users/EZ/Desktop/git-blog/_image/2024-10-19-1.png,2024-10-19-1.png,C:/Users/EZ/Desktop/git-blog/_image/2024-10-19-00-00-00.png,2024-10-19-00-00-00.png,2024-10-19T00:00:00,파일명 날짜/시각 또는 파일 수정 시각,45813,48b4b4544237532d3b25b4f58c5e1e64f45d09702fa5bb2b692f03aa11588880
C:/Users/EZ/Desktop/git-blog/_image/2024-10-19-2.png,2024-10-19-2.png,C:/Users/EZ/Desktop/git-blog/_image/2024-10-19-00-00-01.png,2024-10-19-00-00-01.png,2024-10-19T00:00:01,파일명 날짜/시각 또는 파일 수정 시각 + 이름 충돌 보정,1091448,01a6b285c27bddfd851112c7123e10458f8e17275111f1468376ab2c3fdce069
C:/Users/EZ/Desktop/git-blog/_image/2024-10-20-1.png,2024-10-20-1.png,C:/Users/EZ/Desktop/git-blog/_image/2024-10-20-00-00-00.png,2024-10-20-00-00-00.png,2024-10-20T00:00:00,파일명 날짜/시각 또는 파일 수정 시각,84397,d6a4dd91d0b2fd44f4b3a68e8792c5b41ce8d8d1c7dd2d0e84ac5eeee892b058
C:/Users/EZ/Desktop/git-blog/_image/2024-10-20-2.png,2024-10-20-2.png,C:/Users/EZ/Desktop/git-blog/_image/2024-10-20-00-00-01.png,2024-10-20-00-00-01.png,2024-10-20T00:00:01,파일명 날짜/시각 또는 파일 수정 시각 + 이름 충돌 보정,40403,e50685b31be6caab065d189ff37c62d6b92b9a2dffd97b7b31885340711084b3
C:/Users/EZ/Desktop/git-blog/_image/2024-10-20-3.png,2024-10-20-3.png,C:/Users/EZ/Desktop/git-blog/_image/2024-10-20-00-00-02.png,2024-10-20-00-00-02.png,2024-10-20T00:00:02,파일명 날짜/시각 또는 파일 수정 시각 + 이름 충돌 보정,225863,96f18485bb226a37784149b0c64190c4d13c18cf99dec59c79af0dfea52e5e1f
C:/Users/EZ/Desktop/git-blog/_image/2024-10-20-4.jpg,2024-10-20-4.jpg,C:/Users/EZ/Desktop/git-blog/_image/2024-10-20-00-00-00.jpg,2024-10-20-00-00-00.jpg,2024-10-20T00:00:00,파일명 날짜/시각 또는 파일 수정 시각,25259,07213d815b3f7c1b773283fc0882cfdd7ec51c1d9cd28e323805b52f86b499ae
C:/Users/EZ/Desktop/git-blog/_image/2024-10-20-5.jpg,2024-10-20-5.jpg,C:/Users/EZ/Desktop/git-blog/_image/2024-10-20-00-00-01.jpg,2024-10-20-00-00-01.jpg,2024-10-20T00:00:01,파일명 날짜/시각 또는 파일 수정 시각 + 이름 충돌 보정,26574,a56bf80c609d98c2b253d5034c7d9960d68375b9d8178a690ee0fc8d5baf3c0f
C:/Users/EZ/Desktop/git-blog/_image/2024-10-20-6.jpg,2024-10-20-6.jpg,C:/Users/EZ/Desktop/git-blog/_image/2024-10-20-00-00-02.jpg,2024-10-20-00-00-02.jpg,2024-10-20T00:00:02,파일명 날짜/시각 또는 파일 수정 시각 + 이름 충돌 보정,20310,f24471a806baf8998100aacc33f7a1e8b6cb294d56d59f6390bc64fdcdf86685
C:/Users/EZ/Desktop/git-blog/_image/2024-10-20-7.jpg,2024-10-20-7.jpg,C:/Users/EZ/Desktop/git-blog/_image/2024-10-20-00-00-03.jpg,2024-10-20-00-00-03.jpg,2024-10-20T00:00:03,파일명 날짜/시각 또는 파일 수정 시각 + 이름 충돌 보정,20875,133f4e70939c07c6ad661bfee671ac606a4d740c8b73aed1038c1b39ca6aa06a
C:/Users/EZ/Desktop/git-blog/_image/2024-10-20-8.jpg,2024-10-20-8.jpg,C:/Users/EZ/Desktop/git-blog/_image/2024-10-20-00-00-04.jpg,2024-10-20-00-00-04.jpg,2024-10-20T00:00:04,파일명 날짜/시각 또는 파일 수정 시각 + 이름 충돌 보정,22238,68ea47a5bcd5392c40e26e8404aa75eb74fac101c3a2b47bc3393bcd57999600
C:/Users/EZ/Desktop/git-blog/_image/2024-10-20-9.jpg,2024-10-20-9.jpg,C:/Users/EZ/Desktop/git-blog/_image/2024-10-20-00-00-05.jpg,2024-10-20-00-00-05.jpg,2024-10-20T00:00:05,파일명 날짜/시각 또는 파일 수정 시각 + 이름 충돌 보정,26444,ffc910d44d14c055ed11b578c60a499f1814efd2514816be2f068dd5701d7da8
C:/Users/EZ/Desktop/git-blog/_image/2024-10-27-1.png,2024-10-27-1.png,C:/Users/EZ/Desktop/git-blog/_image/2024-10-27-00-00-00.png,2024-10-27-00-00-00.png,2024-10-27T00:00:00,파일명 날짜/시각 또는 파일 수정 시각,18853,c7de1f6e11ce8c3020b71e013edbf87135695b205b229ea84044e29734ef22b2
C:/Users/EZ/Desktop/git-blog/_image/2024-10-27-2.png,2024-10-27-2.png,C:/Users/EZ/Desktop/git-blog/_image/2024-10-27-00-00-01.png,2024-10-27-00-00-01.png,2024-10-27T00:00:01,파일명 날짜/시각 또는 파일 수정 시각 + 이름 충돌 보정,22126,d9ff3b8b13281af6e397c2e747645e7983c6d74b83fb5ac7c715a9363956f789
C:/Users/EZ/Desktop/git-blog/_image/2024-10-27-3.png,2024-10-27-3.png,C:/Users/EZ/Desktop/git-blog/_image/2024-10-27-00-00-02.png,2024-10-27-00-00-02.png,2024-10-27T00:00:02,파일명 날짜/시각 또는 파일 수정 시각 + 이름 충돌 보정,8182,e87936b333bf3c50f16de41d58c1ee58112745b142402319e06041b147a1b862
C:/Users/EZ/Desktop/git-blog/_image/2024-10-27-4.png,2024-10-27-4.png,C:/Users/EZ/Desktop/git-blog/_image/2024-10-27-00-00-03.png,2024-10-27-00-00-03.png,2024-10-27T00:00:03,파일명 날짜/시각 또는 파일 수정 시각 + 이름 충돌 보정,24230,c57d8481330cd80f877f79ba1b37b397d2d4816690328df2d5774bc1fb7156e5
C:/Users/EZ/Desktop/git-blog/_image/2024-10-27-5.png,2024-10-27-5.png,C:/Users/EZ/Desktop/git-blog/_image/2024-10-27-00-00-04.png,2024-10-27-00-00-04.png,2024-10-27T00:00:04,파일명 날짜/시각 또는 파일 수정 시각 + 이름 충돌 보정,20627,4ae613be1ec932d0c8ca5cb47d046abc7967e1e47565dc9b401293c13a6dfe5c
C:/Users/EZ/Desktop/git-blog/_image/2024-10-27-6.png,2024-10-27-6.png,C:/Users/EZ/Desktop/git-blog/_image/2024-10-27-00-00-05.png,2024-10-27-00-00-05.png,2024-10-27T00:00:05,파일명 날짜/시각 또는 파일 수정 시각 + 이름 충돌 보정,3859,b9b0afe186525d17f8ed33079ff6f63d60f1a18f18297026f9a36f2cf4cb0372
C:/Users/EZ/Desktop/git-blog/_image/2024-10-27-7.png,2024-10-27-7.png,C:/Users/EZ/Desktop/git-blog/_image/2024-10-27-00-00-06.png,2024-10-27-00-00-06.png,2024-10-27T00:00:06,파일명 날짜/시각 또는 파일 수정 시각 + 이름 충돌 보정,7178,0bbad20831674a657ce368f72b1d13595ea9c60e2f1473f16a211b4a354ed5df
C:/Users/EZ/Desktop/git-blog/_image/2024-11-08-1.jpg,2024-11-08-1.jpg,C:/Users/EZ/Desktop/git-blog/_image/2024-11-08-00-00-00.jpg,2024-11-08-00-00-00.jpg,2024-11-08T00:00:00,파일명 날짜/시각 또는 파일 수정 시각,53447,a7e74cfb297c2ff117e9091bfce3522853d7079695bb31350ff7f0ee9989bed1
C:/Users/EZ/Desktop/git-blog/_image/2024-11-08-2.jpg,2024-11-08-2.jpg,C:/Users/EZ/Desktop/git-blog/_image/2024-11-08-00-00-01.jpg,2024-11-08-00-00-01.jpg,2024-11-08T00:00:01,파일명 날짜/시각 또는 파일 수정 시각 + 이름 충돌 보정,57744,f154a31a761538670779dbd9c0de7d4326811a94bbae2bc6f17bc6799d7b25b7
C:/Users/EZ/Desktop/git-blog/_image/2024-11-08-3.jpg,2024-11-08-3.jpg,C:/Users/EZ/Desktop/git-blog/_image/2024-11-08-00-00-02.jpg,2024-11-08-00-00-02.jpg,2024-11-08T00:00:02,파일명 날짜/시각 또는 파일 수정 시각 + 이름 충돌 보정,74640,8d66d87c115746a07a656403caa18f7dcaebefdd24068d56d1020ca5fbbd373e
C:/Users/EZ/Desktop/git-blog/_image/2024-11-08-4.jpg,2024-11-08-4.jpg,C:/Users/EZ/Desktop/git-blog/_image/2024-11-08-00-00-03.jpg,2024-11-08-00-00-03.jpg,2024-11-08T00:00:03,파일명 날짜/시각 또는 파일 수정 시각 + 이름 충돌 보정,79269,d14c39efb217a46fc13accd64029fb8c566f6778761d9359e6f41ac27656f554
C:/Users/EZ/Desktop/git-blog/_image/2024-11-08-5.jpg,2024-11-08-5.jpg,C:/Users/EZ/Desktop/git-blog/_image/2024-11-08-00-00-04.jpg,2024-11-08-00-00-04.jpg,2024-11-08T00:00:04,파일명 날짜/시각 또는 파일 수정 시각 + 이름 충돌 보정,86424,f116c5588e10fdafd04cddb5e4f6d3d40981a7cf4027c6730dafe6d2c8525e1e
C:/Users/EZ/Desktop/git-blog/_image/2024-11-10-1.png,2024-11-10-1.png,C:/Users/EZ/Desktop/git-blog/_image/2024-11-10-00-00-00.png,2024-11-10-00-00-00.png,2024-11-10T00:00:00,파일명 날짜/시각 또는 파일 수정 시각,1225,d22099488aba41fae3fd81ea0b652bde44f2cf4a84c8a5ac254db61d9f964069
C:/Users/EZ/Desktop/git-blog/_image/2024-11-10-2.png,2024-11-10-2.png,C:/Users/EZ/Desktop/git-blog/_image/2024-11-10-00-00-01.png,2024-11-10-00-00-01.png,2024-11-10T00:00:01,파일명 날짜/시각 또는 파일 수정 시각 + 이름 충돌 보정,20726,0b9a4507aa22347ae51abac649c9c30249f4721eb04d8d25531898a939ed0251
C:/Users/EZ/Desktop/git-blog/_image/2024-11-10-3.png,2024-11-10-3.png,C:/Users/EZ/Desktop/git-blog/_image/2024-11-10-00-00-02.png,2024-11-10-00-00-02.png,2024-11-10T00:00:02,파일명 날짜/시각 또는 파일 수정 시각 + 이름 충돌 보정,4629,8a51064fd9fa22d2ee8e22dab40d74ab45060bc405880d7a49fc651ca2ab2061
C:/Users/EZ/Desktop/git-blog/_image/2024-11-10-4.gif,2024-11-10-4.gif,C:/Users/EZ/Desktop/git-blog/_image/2024-11-10-00-00-00.gif,2024-11-10-00-00-00.gif,2024-11-10T00:00:00,파일명 날짜/시각 또는 파일 수정 시각,153916,809fa8e0d160556796fbfd8d1679422b541f68978468369d92804e71e5db7a83
C:/Users/EZ/Desktop/git-blog/_image/2024-11-10-5.gif,2024-11-10-5.gif,C:/Users/EZ/Desktop/git-blog/_image/2024-11-10-00-00-01.gif,2024-11-10-00-00-01.gif,2024-11-10T00:00:01,파일명 날짜/시각 또는 파일 수정 시각 + 이름 충돌 보정,146056,78df6753d61a276a1c6bb967bf2801c225fabf441f099808723f93b90a712f9c
C:/Users/EZ/Desktop/git-blog/_image/2024-11-10-6.gif,2024-11-10-6.gif,C:/Users/EZ/Desktop/git-blog/_image/2024-11-10-00-00-02.gif,2024-11-10-00-00-02.gif,2024-11-10T00:00:02,파일명 날짜/시각 또는 파일 수정 시각 + 이름 충돌 보정,140618,3fb824edb79b716c50ad5dc33dd40f634bd53d21810171f39b39508aea18a1bc
C:/Users/EZ/Desktop/git-blog/_image/2024-11-14-1.png,2024-11-14-1.png,C:/Users/EZ/Desktop/git-blog/_image/2024-11-14-00-00-00.png,2024-11-14-00-00-00.png,2024-11-14T00:00:00,파일명 날짜/시각 또는 파일 수정 시각,158338,529e46b277d33a68726db47ebacd4da93f4b791def3f484f474571960aed7fda
C:/Users/EZ/Desktop/git-blog/_image/2024-11-14-2.png,2024-11-14-2.png,C:/Users/EZ/Desktop/git-blog/_image/2024-11-14-00-00-01.png,2024-11-14-00-00-01.png,2024-11-14T00:00:01,파일명 날짜/시각 또는 파일 수정 시각 + 이름 충돌 보정,88367,cd591ff8582965252767fb1f39ae3eb663c0e9ef599f7ba7813bfdd17957f593
C:/Users/EZ/Desktop/git-blog/_image/2024-11-18-1.png,2024-11-18-1.png,C:/Users/EZ/Desktop/git-blog/_image/2024-11-18-00-00-00.png,2024-11-18-00-00-00.png,2024-11-18T00:00:00,파일명 날짜/시각 또는 파일 수정 시각,214802,6374aa2eab5559a9261ae82cbaca045cdc5b64c5726b94441f7a7b136f91bbd9
C:/Users/EZ/Desktop/git-blog/_image/2024-11-18-2.png,2024-11-18-2.png,C:/Users/EZ/Desktop/git-blog/_image/2024-11-18-00-00-01.png,2024-11-18-00-00-01.png,2024-11-18T00:00:01,파일명 날짜/시각 또는 파일 수정 시각 + 이름 충돌 보정,396636,f4333e4f6c4920ef4b731efb4a40b9e30ca3a1de39e0af511579839c1b85b691
C:/Users/EZ/Desktop/git-blog/_image/2024-11-18-3.png,2024-11-18-3.png,C:/Users/EZ/Desktop/git-blog/_image/2024-11-18-00-00-02.png,2024-11-18-00-00-02.png,2024-11-18T00:00:02,파일명 날짜/시각 또는 파일 수정 시각 + 이름 충돌 보정,44951,4df336b01ee1b3bc071b05f56dd8c32028e4d729afe70e6751dfa5d72416957d
C:/Users/EZ/Desktop/git-blog/_image/2024-11-18-4.png,2024-11-18-4.png,C:/Users/EZ/Desktop/git-blog/_image/2024-11-18-00-00-03.png,2024-11-18-00-00-03.png,2024-11-18T00:00:03,파일명 날짜/시각 또는 파일 수정 시각 + 이름 충돌 보정,361151,1257adbb042a7bcfc39aaf9808badf162b4caa403da9a1f5364cb81363920172
C:/Users/EZ/Desktop/git-blog/_image/2024-11-22-1.png,2024-11-22-1.png,C:/Users/EZ/Desktop/git-blog/_image/2024-11-22-00-00-00.png,2024-11-22-00-00-00.png,2024-11-22T00:00:00,파일명 날짜/시각 또는 파일 수정 시각,44804,7eee111c776e21cf90efe42377882c66f9e4abbf8cdc6dd549666bba019e1706
C:/Users/EZ/Desktop/git-blog/_image/2024-11-22-2.png,2024-11-22-2.png,C:/Users/EZ/Desktop/git-blog/_image/2024-11-22-00-00-01.png,2024-11-22-00-00-01.png,2024-11-22T00:00:01,파일명 날짜/시각 또는 파일 수정 시각 + 이름 충돌 보정,31553,3f8971ed32780bef52ce2937bcb728d89bdfc049abdea739a4e096042311d207
C:/Users/EZ/Desktop/git-blog/_image/2024-11-24-1.png,2024-11-24-1.png,C:/Users/EZ/Desktop/git-blog/_image/2024-11-24-00-00-00.png,2024-11-24-00-00-00.png,2024-11-24T00:00:00,파일명 날짜/시각 또는 파일 수정 시각,32070,dc92bba1cd8b82521dd03059807d81b9e6571abf943de4c34f58f9d9a9354442
C:/Users/EZ/Desktop/git-blog/_image/2024-11-25-1.png,2024-11-25-1.png,C:/Users/EZ/Desktop/git-blog/_image/2024-11-25-00-00-00.png,2024-11-25-00-00-00.png,2024-11-25T00:00:00,파일명 날짜/시각 또는 파일 수정 시각,33914,a13b706a9a6cc9ddc6d14bb4fefe22a90731eca6169a17e650bb594e1b389d1d
C:/Users/EZ/Desktop/git-blog/_image/2024-11-25-10.png,2024-11-25-10.png,C:/Users/EZ/Desktop/git-blog/_image/2024-11-25-00-00-01.png,2024-11-25-00-00-01.png,2024-11-25T00:00:01,파일명 날짜/시각 또는 파일 수정 시각 + 이름 충돌 보정,11797,e93734488ccfa99988a112a3ec135e387b6b10d0f61eb05ae8bfa9f9c790a242
C:/Users/EZ/Desktop/git-blog/_image/2024-11-25-11.png,2024-11-25-11.png,C:/Users/EZ/Desktop/git-blog/_image/2024-11-25-00-00-02.png,2024-11-25-00-00-02.png,2024-11-25T00:00:02,파일명 날짜/시각 또는 파일 수정 시각 + 이름 충돌 보정,12852,7637ba2189a5f13ec75727548159ae9e9571154532492a99004fe6367a5c99f3
C:/Users/EZ/Desktop/git-blog/_image/2024-11-25-12.png,2024-11-25-12.png,C:/Users/EZ/Desktop/git-blog/_image/2024-11-25-00-00-03.png,2024-11-25-00-00-03.png,2024-11-25T00:00:03,파일명 날짜/시각 또는 파일 수정 시각 + 이름 충돌 보정,12334,f37efb8df91826d334baf2355fa7bf294abe98ed0cd5b78a6d35a5425ab8e4b7
C:/Users/EZ/Desktop/git-blog/_image/2024-11-25-13.png,2024-11-25-13.png,C:/Users/EZ/Desktop/git-blog/_image/2024-11-25-00-00-04.png,2024-11-25-00-00-04.png,2024-11-25T00:00:04,파일명 날짜/시각 또는 파일 수정 시각 + 이름 충돌 보정,12903,2916c5b573bfd89825d3cf900b602096146010e31cc54907a8e92b9f2f4f5b8b
C:/Users/EZ/Desktop/git-blog/_image/2024-11-25-14.png,2024-11-25-14.png,C:/Users/EZ/Desktop/git-blog/_image/2024-11-25-00-00-05.png,2024-11-25-00-00-05.png,2024-11-25T00:00:05,파일명 날짜/시각 또는 파일 수정 시각 + 이름 충돌 보정,19718,1a130c67f73c801403953ff63545d0b1bdfc6cc2741b8a1b22033a9bba780cc9
C:/Users/EZ/Desktop/git-blog/_image/2024-11-25-15.png,2024-11-25-15.png,C:/Users/EZ/Desktop/git-blog/_image/2024-11-25-00-00-06.png,2024-11-25-00-00-06.png,2024-11-25T00:00:06,파일명 날짜/시각 또는 파일 수정 시각 + 이름 충돌 보정,4731,e6435526817d5013031519e1bd5825c1a669bb40a032b12dcc64d38760edbed3
C:/Users/EZ/Desktop/git-blog/_image/2024-11-25-16.png,2024-11-25-16.png,C:/Users/EZ/Desktop/git-blog/_image/2024-11-25-00-00-07.png,2024-11-25-00-00-07.png,2024-11-25T00:00:07,파일명 날짜/시각 또는 파일 수정 시각 + 이름 충돌 보정,4756,aaf296333da459c9f6d5fd373edc5619b6b4fdea3d5558c5935ad3e19c11022c
C:/Users/EZ/Desktop/git-blog/_image/2024-11-25-17.png,2024-11-25-17.png,C:/Users/EZ/Desktop/git-blog/_image/2024-11-25-00-00-08.png,2024-11-25-00-00-08.png,2024-11-25T00:00:08,파일명 날짜/시각 또는 파일 수정 시각 + 이름 충돌 보정,5390,e44b5279ce7aa4b9ea4adbe2cb9a864cbf779f01f398c0169668b9ba61f75655
C:/Users/EZ/Desktop/git-blog/_image/2024-11-25-18.png,2024-11-25-18.png,C:/Users/EZ/Desktop/git-blog/_image/2024-11-25-00-00-09.png,2024-11-25-00-00-09.png,2024-11-25T00:00:09,파일명 날짜/시각 또는 파일 수정 시각 + 이름 충돌 보정,5501,332a2d183b08850d0ca24447d7c607c93e901cce07285d9f4b48ba3d33dd4e77
C:/Users/EZ/Desktop/git-blog/_image/2024-11-25-19.png,2024-11-25-19.png,C:/Users/EZ/Desktop/git-blog/_image/2024-11-25-00-00-10.png,2024-11-25-00-00-10.png,2024-11-25T00:00:10,파일명 날짜/시각 또는 파일 수정 시각 + 이름 충돌 보정,5605,bfd75f9032ab01073e0a018bde59c714ac66671db307df01cdb85f63342efa86
C:/Users/EZ/Desktop/git-blog/_image/2024-11-25-2.png,2024-11-25-2.png,C:/Users/EZ/Desktop/git-blog/_image/2024-11-25-00-00-11.png,2024-11-25-00-00-11.png,2024-11-25T00:00:11,파일명 날짜/시각 또는 파일 수정 시각 + 이름 충돌 보정,12022,6775537bd5bfda0a391773f80ed62dd8f7f26510146870d1e199ac61a2bb3959
C:/Users/EZ/Desktop/git-blog/_image/2024-11-25-20.png,2024-11-25-20.png,C:/Users/EZ/Desktop/git-blog/_image/2024-11-25-00-00-12.png,2024-11-25-00-00-12.png,2024-11-25T00:00:12,파일명 날짜/시각 또는 파일 수정 시각 + 이름 충돌 보정,4698,3d7245ed1a8e3184cb85684faca07f08c281e1299310189064f8fe8a4c21105c
C:/Users/EZ/Desktop/git-blog/_image/2024-11-25-21.png,2024-11-25-21.png,C:/Users/EZ/Desktop/git-blog/_image/2024-11-25-00-00-13.png,2024-11-25-00-00-13.png,2024-11-25T00:00:13,파일명 날짜/시각 또는 파일 수정 시각 + 이름 충돌 보정,5232,b9578ec8207a828c3645490da8e7563635d575f5acb122ecb62324c222c7f5bd
C:/Users/EZ/Desktop/git-blog/_image/2024-11-25-22.png,2024-11-25-22.png,C:/Users/EZ/Desktop/git-blog/_image/2024-11-25-00-00-14.png,2024-11-25-00-00-14.png,2024-11-25T00:00:14,파일명 날짜/시각 또는 파일 수정 시각 + 이름 충돌 보정,8910,c01a2dad31946b6daf98075cf164b190c737470aa4de352de5961942a30a463f
C:/Users/EZ/Desktop/git-blog/_image/2024-11-25-23.png,2024-11-25-23.png,C:/Users/EZ/Desktop/git-blog/_image/2024-11-25-00-00-15.png,2024-11-25-00-00-15.png,2024-11-25T00:00:15,파일명 날짜/시각 또는 파일 수정 시각 + 이름 충돌 보정,8752,85ca11948f460dc2a7aec11763a45f67f02f0fd5fbebc1fd9111363d591203f0
C:/Users/EZ/Desktop/git-blog/_image/2024-11-25-24.png,2024-11-25-24.png,C:/Users/EZ/Desktop/git-blog/_image/2024-11-25-00-00-16.png,2024-11-25-00-00-16.png,2024-11-25T00:00:16,파일명 날짜/시각 또는 파일 수정 시각 + 이름 충돌 보정,6049,1c5f0abe50206902c6b770d49b1b4f013809e710adab60f03bd4df4b5643eec2
C:/Users/EZ/Desktop/git-blog/_image/2024-11-25-25.png,2024-11-25-25.png,C:/Users/EZ/Desktop/git-blog/_image/2024-11-25-00-00-17.png,2024-11-25-00-00-17.png,2024-11-25T00:00:17,파일명 날짜/시각 또는 파일 수정 시각 + 이름 충돌 보정,7919,a6ccadf0cafec1ebb9e92ba5829bd78c7d2b8803b8cb962da13d5befcb2b076d
C:/Users/EZ/Desktop/git-blog/_image/2024-11-25-26.png,2024-11-25-26.png,C:/Users/EZ/Desktop/git-blog/_image/2024-11-25-00-00-18.png,2024-11-25-00-00-18.png,2024-11-25T00:00:18,파일명 날짜/시각 또는 파일 수정 시각 + 이름 충돌 보정,9554,d0f4a98fa6912cafbbdf57c185bba282ada1453a66e8de14cc89559fb1cbf64b
C:/Users/EZ/Desktop/git-blog/_image/2024-11-25-27.png,2024-11-25-27.png,C:/Users/EZ/Desktop/git-blog/_image/2024-11-25-00-00-19.png,2024-11-25-00-00-19.png,2024-11-25T00:00:19,파일명 날짜/시각 또는 파일 수정 시각 + 이름 충돌 보정,8330,b9bf6a3b00bc626d4f6495aa041abd0d036fd2965b691bb219c1d69a06b6db06
C:/Users/EZ/Desktop/git-blog/_image/2024-11-25-28.png,2024-11-25-28.png,C:/Users/EZ/Desktop/git-blog/_image/2024-11-25-00-00-20.png,2024-11-25-00-00-20.png,2024-11-25T00:00:20,파일명 날짜/시각 또는 파일 수정 시각 + 이름 충돌 보정,6007,5e1a79d4dac08073ded5654360476573ee83aea6d757ebdf3e127587a34c386b
C:/Users/EZ/Desktop/git-blog/_image/2024-11-25-29.png,2024-11-25-29.png,C:/Users/EZ/Desktop/git-blog/_image/2024-11-25-00-00-21.png,2024-11-25-00-00-21.png,2024-11-25T00:00:21,파일명 날짜/시각 또는 파일 수정 시각 + 이름 충돌 보정,7466,aa34f025f4719abe01a6be995760b6192e7026d050accd20794fc5363bc786d4
C:/Users/EZ/Desktop/git-blog/_image/2024-11-25-3.png,2024-11-25-3.png,C:/Users/EZ/Desktop/git-blog/_image/2024-11-25-00-00-22.png,2024-11-25-00-00-22.png,2024-11-25T00:00:22,파일명 날짜/시각 또는 파일 수정 시각 + 이름 충돌 보정,9176,4b1f7d89f16e6977d90b021de575347bc37fb0645624de2bb18fdfb8c5e4dd5a
C:/Users/EZ/Desktop/git-blog/_image/2024-11-25-4.png,2024-11-25-4.png,C:/Users/EZ/Desktop/git-blog/_image/2024-11-25-00-00-23.png,2024-11-25-00-00-23.png,2024-11-25T00:00:23,파일명 날짜/시각 또는 파일 수정 시각 + 이름 충돌 보정,8870,0b9e957160686758353a9e513b57991183020924ff3d6d64a992acd2f8c73383
C:/Users/EZ/Desktop/git-blog/_image/2024-11-25-5.png,2024-11-25-5.png,C:/Users/EZ/Desktop/git-blog/_image/2024-11-25-00-00-24.png,2024-11-25-00-00-24.png,2024-11-25T00:00:24,파일명 날짜/시각 또는 파일 수정 시각 + 이름 충돌 보정,11049,49e050a4e462804135c2a1c12d041cbb71ee19b84a144261088e99fb983855dc
C:/Users/EZ/Desktop/git-blog/_image/2024-11-25-6.png,2024-11-25-6.png,C:/Users/EZ/Desktop/git-blog/_image/2024-11-25-00-00-25.png,2024-11-25-00-00-25.png,2024-11-25T00:00:25,파일명 날짜/시각 또는 파일 수정 시각 + 이름 충돌 보정,10880,f07b338941e9272631b20c37729d8c6627356b750e440151f22bfdb14fd188ff
C:/Users/EZ/Desktop/git-blog/_image/2024-11-25-7.png,2024-11-25-7.png,C:/Users/EZ/Desktop/git-blog/_image/2024-11-25-00-00-26.png,2024-11-25-00-00-26.png,2024-11-25T00:00:26,파일명 날짜/시각 또는 파일 수정 시각 + 이름 충돌 보정,11925,b3a90e077e9fad2ed7c83ac9ddfe4bbecfca6d9b954702be7e5324e2b08afe50
C:/Users/EZ/Desktop/git-blog/_image/2024-11-25-8.png,2024-11-25-8.png,C:/Users/EZ/Desktop/git-blog/_image/2024-11-25-00-00-27.png,2024-11-25-00-00-27.png,2024-11-25T00:00:27,파일명 날짜/시각 또는 파일 수정 시각 + 이름 충돌 보정,12334,a0de57518ed7651646fcf80fba4dc1fba7b5b9d7836a29058340fe0b0a516a59
C:/Users/EZ/Desktop/git-blog/_image/2024-11-25-9.png,2024-11-25-9.png,C:/Users/EZ/Desktop/git-blog/_image/2024-11-25-00-00-28.png,2024-11-25-00-00-28.png,2024-11-25T00:00:28,파일명 날짜/시각 또는 파일 수정 시각 + 이름 충돌 보정,15783,73b1fab2d0ceb3f86a944a32b0d34299baa08c737d73c52ab511ebf0abfd2f61
C:/Users/EZ/Desktop/git-blog/_image/2024-11-26-1.png,2024-11-26-1.png,C:/Users/EZ/Desktop/git-blog/_image/2024-11-26-00-00-00.png,2024-11-26-00-00-00.png,2024-11-26T00:00:00,파일명 날짜/시각 또는 파일 수정 시각,227683,9548b54a2f9e63a6bb24453bc45df06bd5aa82c369638affbe5dba023a3ecf24
C:/Users/EZ/Desktop/git-blog/_image/2024-11-26-10.png,2024-11-26-10.png,C:/Users/EZ/Desktop/git-blog/_image/2024-11-26-00-00-01.png,2024-11-26-00-00-01.png,2024-11-26T00:00:01,파일명 날짜/시각 또는 파일 수정 시각 + 이름 충돌 보정,89411,59cf54532cd8a0eff21c4b81fb466ef0a4e3c75c3d274cb3559acdc927d4246c
C:/Users/EZ/Desktop/git-blog/_image/2024-11-26-2.png,2024-11-26-2.png,C:/Users/EZ/Desktop/git-blog/_image/2024-11-26-00-00-02.png,2024-11-26-00-00-02.png,2024-11-26T00:00:02,파일명 날짜/시각 또는 파일 수정 시각 + 이름 충돌 보정,69085,204a0f94938dea32367bedf3cb0016bd22063ba838aed4a34f0913555ab3244f
C:/Users/EZ/Desktop/git-blog/_image/2024-11-26-3.png,2024-11-26-3.png,C:/Users/EZ/Desktop/git-blog/_image/2024-11-26-00-00-03.png,2024-11-26-00-00-03.png,2024-11-26T00:00:03,파일명 날짜/시각 또는 파일 수정 시각 + 이름 충돌 보정,90442,27dd9af5f458235d1bf924b8df1b4dc30a30b1c4a043ad63a263f2d33f42165a
C:/Users/EZ/Desktop/git-blog/_image/2024-11-26-4.png,2024-11-26-4.png,C:/Users/EZ/Desktop/git-blog/_image/2024-11-26-00-00-04.png,2024-11-26-00-00-04.png,2024-11-26T00:00:04,파일명 날짜/시각 또는 파일 수정 시각 + 이름 충돌 보정,13759,b75c3edeb1b1110b47fdf35d825450d28c721d2a0dd93522eff5e6687baf46f5
C:/Users/EZ/Desktop/git-blog/_image/2024-11-26-5.png,2024-11-26-5.png,C:/Users/EZ/Desktop/git-blog/_image/2024-11-26-00-00-05.png,2024-11-26-00-00-05.png,2024-11-26T00:00:05,파일명 날짜/시각 또는 파일 수정 시각 + 이름 충돌 보정,13755,bd126615af6963dabcbc6498885a6de0fe8124099e470fcb34529d32ee0c48ea
C:/Users/EZ/Desktop/git-blog/_image/2024-11-26-6.png,2024-11-26-6.png,C:/Users/EZ/Desktop/git-blog/_image/2024-11-26-00-00-06.png,2024-11-26-00-00-06.png,2024-11-26T00:00:06,파일명 날짜/시각 또는 파일 수정 시각 + 이름 충돌 보정,10122,89685219ccf1efe4ba83e9bcab6dca9cceabc0f1b629221829fe6fda74cdedff
C:/Users/EZ/Desktop/git-blog/_image/2024-11-26-7.png,2024-11-26-7.png,C:/Users/EZ/Desktop/git-blog/_image/2024-11-26-00-00-07.png,2024-11-26-00-00-07.png,2024-11-26T00:00:07,파일명 날짜/시각 또는 파일 수정 시각 + 이름 충돌 보정,88062,708fc378cfba9fa894bfd77b399db0f777f61240a8f0d75c11a632ecfa748934
C:/Users/EZ/Desktop/git-blog/_image/2024-11-26-8.png,2024-11-26-8.png,C:/Users/EZ/Desktop/git-blog/_image/2024-11-26-00-00-08.png,2024-11-26-00-00-08.png,2024-11-26T00:00:08,파일명 날짜/시각 또는 파일 수정 시각 + 이름 충돌 보정,276608,41cd33c9d3f533b64093ed271653c4fd847612e171f27fa78c15bb08cc6aa71a
C:/Users/EZ/Desktop/git-blog/_image/2024-11-26-9.png,2024-11-26-9.png,C:/Users/EZ/Desktop/git-blog/_image/2024-11-26-00-00-09.png,2024-11-26-00-00-09.png,2024-11-26T00:00:09,파일명 날짜/시각 또는 파일 수정 시각 + 이름 충돌 보정,17091,542026f1960f884901bf1dcb83ced7fce40b9f23b7e24ca0a0f9b9c49ff54d35
C:/Users/EZ/Desktop/git-blog/_image/2024-11-28-1.png,2024-11-28-1.png,C:/Users/EZ/Desktop/git-blog/_image/2024-11-28-00-00-00.png,2024-11-28-00-00-00.png,2024-11-28T00:00:00,파일명 날짜/시각 또는 파일 수정 시각,4912,be6b4ef1878f6f036e31ab3ddbf6885c0fab1bb14bd2c149205d24fa95328f63
C:/Users/EZ/Desktop/git-blog/_image/2024-11-28-10.png,2024-11-28-10.png,C:/Users/EZ/Desktop/git-blog/_image/2024-11-28-00-00-01.png,2024-11-28-00-00-01.png,2024-11-28T00:00:01,파일명 날짜/시각 또는 파일 수정 시각 + 이름 충돌 보정,10332,4e72c0f61bb2e71502dba32fee840a7cf38dcb40c1e5d9d00ec824b129b53616
C:/Users/EZ/Desktop/git-blog/_image/2024-11-28-11.png,2024-11-28-11.png,C:/Users/EZ/Desktop/git-blog/_image/2024-11-28-00-00-02.png,2024-11-28-00-00-02.png,2024-11-28T00:00:02,파일명 날짜/시각 또는 파일 수정 시각 + 이름 충돌 보정,10852,f5c10e7214f361aec5a1cf01bb09029f21ee7a26c40c9568b948f52196c8576d
C:/Users/EZ/Desktop/git-blog/_image/2024-11-28-12.png,2024-11-28-12.png,C:/Users/EZ/Desktop/git-blog/_image/2024-11-28-00-00-03.png,2024-11-28-00-00-03.png,2024-11-28T00:00:03,파일명 날짜/시각 또는 파일 수정 시각 + 이름 충돌 보정,10181,ce279f541720f41037c758043464cb4926f04fae76ab4b3886aa8d5545fca251
C:/Users/EZ/Desktop/git-blog/_image/2024-11-28-13.png,2024-11-28-13.png,C:/Users/EZ/Desktop/git-blog/_image/2024-11-28-00-00-04.png,2024-11-28-00-00-04.png,2024-11-28T00:00:04,파일명 날짜/시각 또는 파일 수정 시각 + 이름 충돌 보정,11004,b494d9871cb1b7453faf78f4f33eba588be5976b3d97a9dba8678c3abd31e437
C:/Users/EZ/Desktop/git-blog/_image/2024-11-28-14.png,2024-11-28-14.png,C:/Users/EZ/Desktop/git-blog/_image/2024-11-28-00-00-05.png,2024-11-28-00-00-05.png,2024-11-28T00:00:05,파일명 날짜/시각 또는 파일 수정 시각 + 이름 충돌 보정,4876,d2a53fd5fe83cf29dbd226844ed4325720f71198c4edaa9673028efc57ae760f
C:/Users/EZ/Desktop/git-blog/_image/2024-11-28-15.png,2024-11-28-15.png,C:/Users/EZ/Desktop/git-blog/_image/2024-11-28-00-00-06.png,2024-11-28-00-00-06.png,2024-11-28T00:00:06,파일명 날짜/시각 또는 파일 수정 시각 + 이름 충돌 보정,5358,14d838d5d989737b971e45dab8bbfae4af3adb912dfd501465d5703e1c16b35e
C:/Users/EZ/Desktop/git-blog/_image/2024-11-28-16.png,2024-11-28-16.png,C:/Users/EZ/Desktop/git-blog/_image/2024-11-28-00-00-07.png,2024-11-28-00-00-07.png,2024-11-28T00:00:07,파일명 날짜/시각 또는 파일 수정 시각 + 이름 충돌 보정,6131,86a06ef7f16456dd95df17af12a1ca5ffc22af2236c9e4c27d45bb2d2ce4491d
C:/Users/EZ/Desktop/git-blog/_image/2024-11-28-17.png,2024-11-28-17.png,C:/Users/EZ/Desktop/git-blog/_image/2024-11-28-00-00-08.png,2024-11-28-00-00-08.png,2024-11-28T00:00:08,파일명 날짜/시각 또는 파일 수정 시각 + 이름 충돌 보정,7213,ba9b524175f3c2b093ffc8fe4406f6b55569d64f3277244196bfc1662f61e486
C:/Users/EZ/Desktop/git-blog/_image/2024-11-28-18.png,2024-11-28-18.png,C:/Users/EZ/Desktop/git-blog/_image/2024-11-28-00-00-09.png,2024-11-28-00-00-09.png,2024-11-28T00:00:09,파일명 날짜/시각 또는 파일 수정 시각 + 이름 충돌 보정,8066,fb0f2754554b0cfe3b347ee5c1dd4e12eae7e6880cfd181ba29cb8cf757006f9
C:/Users/EZ/Desktop/git-blog/_image/2024-11-28-19.png,2024-11-28-19.png,C:/Users/EZ/Desktop/git-blog/_image/2024-11-28-00-00-10.png,2024-11-28-00-00-10.png,2024-11-28T00:00:10,파일명 날짜/시각 또는 파일 수정 시각 + 이름 충돌 보정,8710,f6e22fa3a6f644f8333aec6e5ec0850f446172f0860c511957c6967088c786c9
C:/Users/EZ/Desktop/git-blog/_image/2024-11-28-2.png,2024-11-28-2.png,C:/Users/EZ/Desktop/git-blog/_image/2024-11-28-00-00-11.png,2024-11-28-00-00-11.png,2024-11-28T00:00:11,파일명 날짜/시각 또는 파일 수정 시각 + 이름 충돌 보정,20713,23f3c242de998c453804020dbdbdb3767e10dcc38537b49b8fddede77ac88cf0
C:/Users/EZ/Desktop/git-blog/_image/2024-11-28-20.png,2024-11-28-20.png,C:/Users/EZ/Desktop/git-blog/_image/2024-11-28-00-00-12.png,2024-11-28-00-00-12.png,2024-11-28T00:00:12,파일명 날짜/시각 또는 파일 수정 시각 + 이름 충돌 보정,9152,0ba47d24cf2dc8284271b86d24e338c3470d0bc368f1f373478dd6ad7fb8b2c7
C:/Users/EZ/Desktop/git-blog/_image/2024-11-28-3.png,2024-11-28-3.png,C:/Users/EZ/Desktop/git-blog/_image/2024-11-28-00-00-13.png,2024-11-28-00-00-13.png,2024-11-28T00:00:13,파일명 날짜/시각 또는 파일 수정 시각 + 이름 충돌 보정,10491,7e85185c2dace428ee30126c31f3013cecd9068e57f4b3c5eb91d4b8793bcca3
C:/Users/EZ/Desktop/git-blog/_image/2024-11-28-4.png,2024-11-28-4.png,C:/Users/EZ/Desktop/git-blog/_image/2024-11-28-00-00-14.png,2024-11-28-00-00-14.png,2024-11-28T00:00:14,파일명 날짜/시각 또는 파일 수정 시각 + 이름 충돌 보정,10858,df3a0b55c9630bbb0b7ad7095fd563ca49ef437d7bfb69533571ec5b46da3c2f
C:/Users/EZ/Desktop/git-blog/_image/2024-11-28-5.png,2024-11-28-5.png,C:/Users/EZ/Desktop/git-blog/_image/2024-11-28-00-00-15.png,2024-11-28-00-00-15.png,2024-11-28T00:00:15,파일명 날짜/시각 또는 파일 수정 시각 + 이름 충돌 보정,11277,3382537bcfa1369400f9867adb9c61ecb3025e7b67d3848b95fa9709a39478f8
C:/Users/EZ/Desktop/git-blog/_image/2024-11-28-6.png,2024-11-28-6.png,C:/Users/EZ/Desktop/git-blog/_image/2024-11-28-00-00-16.png,2024-11-28-00-00-16.png,2024-11-28T00:00:16,파일명 날짜/시각 또는 파일 수정 시각 + 이름 충돌 보정,10269,81069baec397b21aac05a7ae19510439b90fdf09c0f581dd14bf4abfdfebbaf1
C:/Users/EZ/Desktop/git-blog/_image/2024-11-28-7.png,2024-11-28-7.png,C:/Users/EZ/Desktop/git-blog/_image/2024-11-28-00-00-17.png,2024-11-28-00-00-17.png,2024-11-28T00:00:17,파일명 날짜/시각 또는 파일 수정 시각 + 이름 충돌 보정,10976,25f9dae2de85add842d47af3945726e432444ffe210ee38de9d78c4c8b9ce7e0
C:/Users/EZ/Desktop/git-blog/_image/2024-11-28-8.png,2024-11-28-8.png,C:/Users/EZ/Desktop/git-blog/_image/2024-11-28-00-00-18.png,2024-11-28-00-00-18.png,2024-11-28T00:00:18,파일명 날짜/시각 또는 파일 수정 시각 + 이름 충돌 보정,11311,c034a9360d1f9247b81ac64d03585bb1097370d2d72f4a20bd25522ad6a716e3
C:/Users/EZ/Desktop/git-blog/_image/2024-11-28-9.png,2024-11-28-9.png,C:/Users/EZ/Desktop/git-blog/_image/2024-11-28-00-00-19.png,2024-11-28-00-00-19.png,2024-11-28T00:00:19,파일명 날짜/시각 또는 파일 수정 시각 + 이름 충돌 보정,10427,193263f4e066f1731f292e782b86532cf5f58590b73099dcabdfa27f4effb5d3
C:/Users/EZ/Desktop/git-blog/_image/2024-11-29-1.png,2024-11-29-1.png,C:/Users/EZ/Desktop/git-blog/_image/2024-11-29-00-00-00.png,2024-11-29-00-00-00.png,2024-11-29T00:00:00,파일명 날짜/시각 또는 파일 수정 시각,23915,414fa30bb00d22c321497114e5d7a45a18b76d683d66135bc8bef2a0877639c9
C:/Users/EZ/Desktop/git-blog/_image/2024-11-29-2.png,2024-11-29-2.png,C:/Users/EZ/Desktop/git-blog/_image/2024-11-29-00-00-01.png,2024-11-29-00-00-01.png,2024-11-29T00:00:01,파일명 날짜/시각 또는 파일 수정 시각 + 이름 충돌 보정,20330,f422c74492d3910210b2943b406886ff7f997a3382ef7f946777951dea975784
C:/Users/EZ/Desktop/git-blog/_image/2024-12-10-1.png,2024-12-10-1.png,C:/Users/EZ/Desktop/git-blog/_image/2024-12-10-00-00-00.png,2024-12-10-00-00-00.png,2024-12-10T00:00:00,파일명 날짜/시각 또는 파일 수정 시각,40078,2c1eff0a58bd5baa8f6adf453dfbff27c10d22b6fe2db562b646f1216123c262
C:/Users/EZ/Desktop/git-blog/_image/2024-12-18-2.gif,2024-12-18-2.gif,C:/Users/EZ/Desktop/git-blog/_image/2024-12-18-00-00-00.gif,2024-12-18-00-00-00.gif,2024-12-18T00:00:00,파일명 날짜/시각 또는 파일 수정 시각,272595,0ff1795f3cbad8e6ce7a5c15af1a45676a2543403678700bf4e4628f58e851e5
C:/Users/EZ/Desktop/git-blog/_image/2024-12-18-3.gif,2024-12-18-3.gif,C:/Users/EZ/Desktop/git-blog/_image/2024-12-18-00-00-01.gif,2024-12-18-00-00-01.gif,2024-12-18T00:00:01,파일명 날짜/시각 또는 파일 수정 시각 + 이름 충돌 보정,175725,d07f54314388598c6ae52442ff7b358749304c35a4b99a617445b9e45fad166e
C:/Users/EZ/Desktop/git-blog/_image/2024-12-18-4.gif,2024-12-18-4.gif,C:/Users/EZ/Desktop/git-blog/_image/2024-12-18-00-00-02.gif,2024-12-18-00-00-02.gif,2024-12-18T00:00:02,파일명 날짜/시각 또는 파일 수정 시각 + 이름 충돌 보정,281460,027d5f94dc69cda2b73831c86ee220bec25de40aadc460c79c5cd70a1f788741
C:/Users/EZ/Desktop/git-blog/_image/2024-12-19-1.png,2024-12-19-1.png,C:/Users/EZ/Desktop/git-blog/_image/2024-12-19-00-00-00.png,2024-12-19-00-00-00.png,2024-12-19T00:00:00,파일명 날짜/시각 또는 파일 수정 시각,146682,c3953761065cc10821ced65609f994af9d278796637063dd4a803eabb894fc6c
C:/Users/EZ/Desktop/git-blog/_image/2024-12-19-2.png,2024-12-19-2.png,C:/Users/EZ/Desktop/git-blog/_image/2024-12-19-00-00-01.png,2024-12-19-00-00-01.png,2024-12-19T00:00:01,파일명 날짜/시각 또는 파일 수정 시각 + 이름 충돌 보정,33895,e61ef5c24041c6eda9947b77b689dd081796df7a6023c9a6d54b70f03a057a57
C:/Users/EZ/Desktop/git-blog/_image/2024-12-27-1.png,2024-12-27-1.png,C:/Users/EZ/Desktop/git-blog/_image/2024-12-27-00-00-00.png,2024-12-27-00-00-00.png,2024-12-27T00:00:00,파일명 날짜/시각 또는 파일 수정 시각,7971,f658118f1ce46110c3221c45176dc37c9fa5a6715ca8f4ae17d8946f903fa09e
C:/Users/EZ/Desktop/git-blog/_image/2024-12-30-1.gif,2024-12-30-1.gif,C:/Users/EZ/Desktop/git-blog/_image/2024-12-30-00-00-00.gif,2024-12-30-00-00-00.gif,2024-12-30T00:00:00,파일명 날짜/시각 또는 파일 수정 시각,1010423,cb3744e2e1962bf57fae56b8b978dfc10636cf7f31c630f08ffd92eb3dc4755e
C:/Users/EZ/Desktop/git-blog/_image/2024-12-30-10.png,2024-12-30-10.png,C:/Users/EZ/Desktop/git-blog/_image/2024-12-30-00-00-00.png,2024-12-30-00-00-00.png,2024-12-30T00:00:00,파일명 날짜/시각 또는 파일 수정 시각,26516,1348e28c238d2755ce19233ac4b71d8f1ec222cf8166d24b7690fefc290a889f
C:/Users/EZ/Desktop/git-blog/_image/2024-12-30-11.png,2024-12-30-11.png,C:/Users/EZ/Desktop/git-blog/_image/2024-12-30-00-00-01.png,2024-12-30-00-00-01.png,2024-12-30T00:00:01,파일명 날짜/시각 또는 파일 수정 시각 + 이름 충돌 보정,162767,a9fa79625baeaaa0213da6b5d33b0a7a084d0449bf1581f43233aa50cff38d8f
C:/Users/EZ/Desktop/git-blog/_image/2024-12-30-12.png,2024-12-30-12.png,C:/Users/EZ/Desktop/git-blog/_image/2024-12-30-00-00-02.png,2024-12-30-00-00-02.png,2024-12-30T00:00:02,파일명 날짜/시각 또는 파일 수정 시각 + 이름 충돌 보정,237854,8a4054f1af24048a8778bf8851fa340a462581371875086403bbae33f1a1bea7
C:/Users/EZ/Desktop/git-blog/_image/2024-12-30-13.gif,2024-12-30-13.gif,C:/Users/EZ/Desktop/git-blog/_image/2024-12-30-00-00-01.gif,2024-12-30-00-00-01.gif,2024-12-30T00:00:01,파일명 날짜/시각 또는 파일 수정 시각 + 이름 충돌 보정,1152495,4ab1ce9c0670e06be62444596e22d5c9b750b7eacd7a3d43a6520806838c6187
C:/Users/EZ/Desktop/git-blog/_image/2024-12-30-14.gif,2024-12-30-14.gif,C:/Users/EZ/Desktop/git-blog/_image/2024-12-30-00-00-02.gif,2024-12-30-00-00-02.gif,2024-12-30T00:00:02,파일명 날짜/시각 또는 파일 수정 시각 + 이름 충돌 보정,863629,830cd357c3b8ee2c2461ff3204f7d102b933356115597b92de747bfbdf8d83cd
C:/Users/EZ/Desktop/git-blog/_image/2024-12-30-2.gif,2024-12-30-2.gif,C:/Users/EZ/Desktop/git-blog/_image/2024-12-30-00-00-03.gif,2024-12-30-00-00-03.gif,2024-12-30T00:00:03,파일명 날짜/시각 또는 파일 수정 시각 + 이름 충돌 보정,664544,f913da10d60132d0766bee51726b3a01f93c7d16abee843a8ae1241cb9ec3221
C:/Users/EZ/Desktop/git-blog/_image/2024-12-30-3.gif,2024-12-30-3.gif,C:/Users/EZ/Desktop/git-blog/_image/2024-12-30-00-00-04.gif,2024-12-30-00-00-04.gif,2024-12-30T00:00:04,파일명 날짜/시각 또는 파일 수정 시각 + 이름 충돌 보정,435128,9c091fe310d6ba03d05cac016eb540533058d63c7b7e64d3675a85af8e962a80
C:/Users/EZ/Desktop/git-blog/_image/2024-12-30-4.gif,2024-12-30-4.gif,C:/Users/EZ/Desktop/git-blog/_image/2024-12-30-00-00-05.gif,2024-12-30-00-00-05.gif,2024-12-30T00:00:05,파일명 날짜/시각 또는 파일 수정 시각 + 이름 충돌 보정,199092,9c012459de5e2a0470bdbfed53f80f3609fab6a057f891dc65496ee14a411c89
C:/Users/EZ/Desktop/git-blog/_image/2024-12-30-5.gif,2024-12-30-5.gif,C:/Users/EZ/Desktop/git-blog/_image/2024-12-30-00-00-06.gif,2024-12-30-00-00-06.gif,2024-12-30T00:00:06,파일명 날짜/시각 또는 파일 수정 시각 + 이름 충돌 보정,494784,8c397c649f248af37a0eb46acc99ca006ea0e40960bca10078bc1573901a97e8
C:/Users/EZ/Desktop/git-blog/_image/2024-12-30-6.gif,2024-12-30-6.gif,C:/Users/EZ/Desktop/git-blog/_image/2024-12-30-00-00-07.gif,2024-12-30-00-00-07.gif,2024-12-30T00:00:07,파일명 날짜/시각 또는 파일 수정 시각 + 이름 충돌 보정,826208,e790dea7891142624ec12dc6ec769a6516e2a4f9d900eb1f1c3730f06d613447
C:/Users/EZ/Desktop/git-blog/_image/2024-12-30-7.gif,2024-12-30-7.gif,C:/Users/EZ/Desktop/git-blog/_image/2024-12-30-00-00-08.gif,2024-12-30-00-00-08.gif,2024-12-30T00:00:08,파일명 날짜/시각 또는 파일 수정 시각 + 이름 충돌 보정,2012302,dd5e5a428e47b566f454c0a68c0a3522f19d3157d33140192669200fb0fa03d1
C:/Users/EZ/Desktop/git-blog/_image/2024-12-30-8.gif,2024-12-30-8.gif,C:/Users/EZ/Desktop/git-blog/_image/2024-12-30-00-00-09.gif,2024-12-30-00-00-09.gif,2024-12-30T00:00:09,파일명 날짜/시각 또는 파일 수정 시각 + 이름 충돌 보정,108098,d343262a11077b967e49c6d544b2667491bb03206f0a3701c38b81d605ebefd6
C:/Users/EZ/Desktop/git-blog/_image/2024-12-30-9.png,2024-12-30-9.png,C:/Users/EZ/Desktop/git-blog/_image/2024-12-30-00-00-03.png,2024-12-30-00-00-03.png,2024-12-30T00:00:03,파일명 날짜/시각 또는 파일 수정 시각 + 이름 충돌 보정,27727,ee6705b5aeeeefa03d307f4b97a62d573d0da6c0497bc5871f714d16769373ca
C:/Users/EZ/Desktop/git-blog/_image/2025-03-05-1.jpg,2025-03-05-1.jpg,C:/Users/EZ/Desktop/git-blog/_image/2025-03-05-00-00-00.jpg,2025-03-05-00-00-00.jpg,2025-03-05T00:00:00,파일명 날짜/시각 또는 파일 수정 시각,78441,563f61f62ab4420025fcaa1321b7af1df9bddc7dcedcc1542fab943b75108021
C:/Users/EZ/Desktop/git-blog/_image/2025-03-05-10.png,2025-03-05-10.png,C:/Users/EZ/Desktop/git-blog/_image/2025-03-05-00-00-00.png,2025-03-05-00-00-00.png,2025-03-05T00:00:00,파일명 날짜/시각 또는 파일 수정 시각,215525,7a7437692d4bb51406987fa8ed430af4dbaf6e30ae63b8ab1853ec79e0ce1bad
C:/Users/EZ/Desktop/git-blog/_image/2025-03-05-11.png,2025-03-05-11.png,C:/Users/EZ/Desktop/git-blog/_image/2025-03-05-00-00-01.png,2025-03-05-00-00-01.png,2025-03-05T00:00:01,파일명 날짜/시각 또는 파일 수정 시각 + 이름 충돌 보정,430012,253bb65090388b35bd014d3225ff8f39c94433ba6c24a15ab146d3549f669839
C:/Users/EZ/Desktop/git-blog/_image/2025-03-05-2.png,2025-03-05-2.png,C:/Users/EZ/Desktop/git-blog/_image/2025-03-05-00-00-02.png,2025-03-05-00-00-02.png,2025-03-05T00:00:02,파일명 날짜/시각 또는 파일 수정 시각 + 이름 충돌 보정,106322,3ed74c1ec8a53e4a567a755a005b79cc6d79b8b302de2473b2aa73a58c710404
C:/Users/EZ/Desktop/git-blog/_image/2025-03-05-3.png,2025-03-05-3.png,C:/Users/EZ/Desktop/git-blog/_image/2025-03-05-00-00-03.png,2025-03-05-00-00-03.png,2025-03-05T00:00:03,파일명 날짜/시각 또는 파일 수정 시각 + 이름 충돌 보정,28154,1a57b63e5e96bdd6243ce036518793e565f8321c2dd0a3de2ee0f0538aff1867
C:/Users/EZ/Desktop/git-blog/_image/2025-03-05-4.png,2025-03-05-4.png,C:/Users/EZ/Desktop/git-blog/_image/2025-03-05-00-00-04.png,2025-03-05-00-00-04.png,2025-03-05T00:00:04,파일명 날짜/시각 또는 파일 수정 시각 + 이름 충돌 보정,373983,d769a0e646a93d831445bcff391ae9862be0b2597c2a2731ac94ddeab1d2a92e
C:/Users/EZ/Desktop/git-blog/_image/2025-03-05-5.png,2025-03-05-5.png,C:/Users/EZ/Desktop/git-blog/_image/2025-03-05-00-00-05.png,2025-03-05-00-00-05.png,2025-03-05T00:00:05,파일명 날짜/시각 또는 파일 수정 시각 + 이름 충돌 보정,16397,fa66fdbd5f60937dd57f41d06992f0c5f483187e0b302222463731337ea76bb6
C:/Users/EZ/Desktop/git-blog/_image/2025-03-05-6.png,2025-03-05-6.png,C:/Users/EZ/Desktop/git-blog/_image/2025-03-05-00-00-06.png,2025-03-05-00-00-06.png,2025-03-05T00:00:06,파일명 날짜/시각 또는 파일 수정 시각 + 이름 충돌 보정,660145,2fea45fc952fcceb65e0aa8f2705c02d2bfe658ea6f1e8aa07f1d6c4c0fce2bc
C:/Users/EZ/Desktop/git-blog/_image/2025-03-05-7.png,2025-03-05-7.png,C:/Users/EZ/Desktop/git-blog/_image/2025-03-05-00-00-07.png,2025-03-05-00-00-07.png,2025-03-05T00:00:07,파일명 날짜/시각 또는 파일 수정 시각 + 이름 충돌 보정,712794,bf23e354a26d4542e3777489276c258280cff8e16cda110a96e404e1c47d569d
C:/Users/EZ/Desktop/git-blog/_image/2025-03-05-8.png,2025-03-05-8.png,C:/Users/EZ/Desktop/git-blog/_image/2025-03-05-00-00-08.png,2025-03-05-00-00-08.png,2025-03-05T00:00:08,파일명 날짜/시각 또는 파일 수정 시각 + 이름 충돌 보정,603712,fbe23315ac6ac6eea62b1298b5024f4f57fd62992be5fb9374273cf00391c923
C:/Users/EZ/Desktop/git-blog/_image/2025-03-05-9.png,2025-03-05-9.png,C:/Users/EZ/Desktop/git-blog/_image/2025-03-05-00-00-09.png,2025-03-05-00-00-09.png,2025-03-05T00:00:09,파일명 날짜/시각 또는 파일 수정 시각 + 이름 충돌 보정,67319,9615ebd00660efaed6144ee88abdcca137450ca4c1c9dd5add50587b671ef86c
C:/Users/EZ/Desktop/git-blog/_image/2025-03-07-1.png,2025-03-07-1.png,C:/Users/EZ/Desktop/git-blog/_image/2025-03-07-00-00-00.png,2025-03-07-00-00-00.png,2025-03-07T00:00:00,파일명 날짜/시각 또는 파일 수정 시각,65857,f971dac95e485f1c11fd9348c146847d9af328f8824b4a0c8d5dd5a1e1a5fa33
C:/Users/EZ/Desktop/git-blog/_image/2025-03-11-1.png,2025-03-11-1.png,C:/Users/EZ/Desktop/git-blog/_image/2025-03-11-00-00-00.png,2025-03-11-00-00-00.png,2025-03-11T00:00:00,파일명 날짜/시각 또는 파일 수정 시각,79746,ca8af0db2d58cdb65c3e393138b5ac9ae80e0cba9e0abf8da8faa0d1a90204ea
C:/Users/EZ/Desktop/git-blog/_image/2025-03-11-2.jpg,2025-03-11-2.jpg,C:/Users/EZ/Desktop/git-blog/_image/2025-03-11-00-00-00.jpg,2025-03-11-00-00-00.jpg,2025-03-11T00:00:00,파일명 날짜/시각 또는 파일 수정 시각,32587,d684d6125958ab5762e1303b67dcc8890ed8e296e42c83e9d17ffd8585004ab2
C:/Users/EZ/Desktop/git-blog/_image/2025-03-11-3.jpg,2025-03-11-3.jpg,C:/Users/EZ/Desktop/git-blog/_image/2025-03-11-00-00-01.jpg,2025-03-11-00-00-01.jpg,2025-03-11T00:00:01,파일명 날짜/시각 또는 파일 수정 시각 + 이름 충돌 보정,41290,1338bf2ca53cbfb48a9120e01e7d892e65129a7629cd25599ceaf28d879d2660
C:/Users/EZ/Desktop/git-blog/_image/2025-03-11-4.jpg,2025-03-11-4.jpg,C:/Users/EZ/Desktop/git-blog/_image/2025-03-11-00-00-02.jpg,2025-03-11-00-00-02.jpg,2025-03-11T00:00:02,파일명 날짜/시각 또는 파일 수정 시각 + 이름 충돌 보정,37474,6bf584d2fb95125c76a4a88e4ac1964658489749ab5b95b4882ad94f873f6ada
C:/Users/EZ/Desktop/git-blog/_image/2025-03-11-5.jpg,2025-03-11-5.jpg,C:/Users/EZ/Desktop/git-blog/_image/2025-03-11-00-00-03.jpg,2025-03-11-00-00-03.jpg,2025-03-11T00:00:03,파일명 날짜/시각 또는 파일 수정 시각 + 이름 충돌 보정,33330,f9a5861c053564d13eb6d7d668ef55f2ffb29f4c074a3f788df72e31065bdcfb
C:/Users/EZ/Desktop/git-blog/_image/2025-03-11-6.jpg,2025-03-11-6.jpg,C:/Users/EZ/Desktop/git-blog/_image/2025-03-11-00-00-04.jpg,2025-03-11-00-00-04.jpg,2025-03-11T00:00:04,파일명 날짜/시각 또는 파일 수정 시각 + 이름 충돌 보정,35403,fc4cc4264c4e99b39a2e96dd54f97efc1c6fd427840064384a1078fe8c9d9540
C:/Users/EZ/Desktop/git-blog/_image/2025-03-11-7.jpg,2025-03-11-7.jpg,C:/Users/EZ/Desktop/git-blog/_image/2025-03-11-00-00-05.jpg,2025-03-11-00-00-05.jpg,2025-03-11T00:00:05,파일명 날짜/시각 또는 파일 수정 시각 + 이름 충돌 보정,35348,2cf9e7e65ba750b6ad63cf97f071253d47483fcdfb8f48f63c9d1e911f3908ab
C:/Users/EZ/Desktop/git-blog/_image/2025-03-11-8.jpg,2025-03-11-8.jpg,C:/Users/EZ/Desktop/git-blog/_image/2025-03-11-00-00-06.jpg,2025-03-11-00-00-06.jpg,2025-03-11T00:00:06,파일명 날짜/시각 또는 파일 수정 시각 + 이름 충돌 보정,34743,14acfa642fc0ab7d19b0fe7eeda1ddc36501dfa81ee1cc96a5ec737882511c4c
C:/Users/EZ/Desktop/git-blog/_image/2025-03-11-9.jpg,2025-03-11-9.jpg,C:/Users/EZ/Desktop/git-blog/_image/2025-03-11-00-00-07.jpg,2025-03-11-00-00-07.jpg,2025-03-11T00:00:07,파일명 날짜/시각 또는 파일 수정 시각 + 이름 충돌 보정,35974,c7bd04539e7bbb3d80da402ed7589e2ae351b3a317a21a116b3ef08ab9dc8c88
C:/Users/EZ/Desktop/git-blog/_image/2025-03-16-1.jpg,2025-03-16-1.jpg,C:/Users/EZ/Desktop/git-blog/_image/2025-03-16-00-00-00.jpg,2025-03-16-00-00-00.jpg,2025-03-16T00:00:00,파일명 날짜/시각 또는 파일 수정 시각,102720,11cb80750a27b7f79c2095518024ae8c90070aa17df29b63f3ec26d83c4627f3
C:/Users/EZ/Desktop/git-blog/_image/2025-03-16-2.jpg,2025-03-16-2.jpg,C:/Users/EZ/Desktop/git-blog/_image/2025-03-16-00-00-01.jpg,2025-03-16-00-00-01.jpg,2025-03-16T00:00:01,파일명 날짜/시각 또는 파일 수정 시각 + 이름 충돌 보정,100328,3463cc5cfe2fc3567d834a2963db8b6516331a4e56faeef5e19cca0a08814ae6
C:/Users/EZ/Desktop/git-blog/_image/2025-03-17-1.png,2025-03-17-1.png,C:/Users/EZ/Desktop/git-blog/_image/2025-03-17-00-00-00.png,2025-03-17-00-00-00.png,2025-03-17T00:00:00,파일명 날짜/시각 또는 파일 수정 시각,59983,af21d10d60183dda64d4d3fb822bf5afb26ca861459860d1b595fa3dc0c2b3e7
C:/Users/EZ/Desktop/git-blog/_image/2025-03-17-2.png,2025-03-17-2.png,C:/Users/EZ/Desktop/git-blog/_image/2025-03-17-00-00-01.png,2025-03-17-00-00-01.png,2025-03-17T00:00:01,파일명 날짜/시각 또는 파일 수정 시각 + 이름 충돌 보정,30530,2d7b8ff225126e66c3708529e8b87d7a912de49f694e240fd1d3a46339f1b57d
C:/Users/EZ/Desktop/git-blog/_image/2025-03-25-1.jpg,2025-03-25-1.jpg,C:/Users/EZ/Desktop/git-blog/_image/2025-03-25-00-00-00.jpg,2025-03-25-00-00-00.jpg,2025-03-25T00:00:00,파일명 날짜/시각 또는 파일 수정 시각,57058,885c8225963dbf3935784daab0f14d7c9f67796ab17887b457e76096430e23ff
C:/Users/EZ/Desktop/git-blog/_image/2025-03-25-2.png,2025-03-25-2.png,C:/Users/EZ/Desktop/git-blog/_image/2025-03-25-00-00-00.png,2025-03-25-00-00-00.png,2025-03-25T00:00:00,파일명 날짜/시각 또는 파일 수정 시각,9691,708536822181487a4e7678fdcbd9857244cd8f9e1582420bb827cbb15dcc2f88
C:/Users/EZ/Desktop/git-blog/_image/2025-03-31-1.png,2025-03-31-1.png,C:/Users/EZ/Desktop/git-blog/_image/2025-03-31-00-00-00.png,2025-03-31-00-00-00.png,2025-03-31T00:00:00,파일명 날짜/시각 또는 파일 수정 시각,7587,7454e78d338653146f6774b282a8e6d8b414c1474dc54c62b3ccbe2899d4e0cc
C:/Users/EZ/Desktop/git-blog/_image/2025-03-31-10.png,2025-03-31-10.png,C:/Users/EZ/Desktop/git-blog/_image/2025-03-31-00-00-01.png,2025-03-31-00-00-01.png,2025-03-31T00:00:01,파일명 날짜/시각 또는 파일 수정 시각 + 이름 충돌 보정,111159,1968fb1ffaec996747193e67d1e433655cda8604ae0186d3f66fe2b36bbc596c
C:/Users/EZ/Desktop/git-blog/_image/2025-03-31-11.png,2025-03-31-11.png,C:/Users/EZ/Desktop/git-blog/_image/2025-03-31-00-00-02.png,2025-03-31-00-00-02.png,2025-03-31T00:00:02,파일명 날짜/시각 또는 파일 수정 시각 + 이름 충돌 보정,397974,9e019bfd0c632c60e174ef3eb707d27fc9adcac520d69f7f313acce819f0f486
C:/Users/EZ/Desktop/git-blog/_image/2025-03-31-4.png,2025-03-31-4.png,C:/Users/EZ/Desktop/git-blog/_image/2025-03-31-00-00-03.png,2025-03-31-00-00-03.png,2025-03-31T00:00:03,파일명 날짜/시각 또는 파일 수정 시각 + 이름 충돌 보정,20268,22bfc904b40c5f827db00959e6b2626e27b445b1e3784c9697cdd03ab678f59a
C:/Users/EZ/Desktop/git-blog/_image/2025-03-31-5.png,2025-03-31-5.png,C:/Users/EZ/Desktop/git-blog/_image/2025-03-31-00-00-04.png,2025-03-31-00-00-04.png,2025-03-31T00:00:04,파일명 날짜/시각 또는 파일 수정 시각 + 이름 충돌 보정,15066,da983cff228b5d5b2531d2e504de238202aabf115be8907a378c239fe2633992
C:/Users/EZ/Desktop/git-blog/_image/2025-03-31-6.png,2025-03-31-6.png,C:/Users/EZ/Desktop/git-blog/_image/2025-03-31-00-00-05.png,2025-03-31-00-00-05.png,2025-03-31T00:00:05,파일명 날짜/시각 또는 파일 수정 시각 + 이름 충돌 보정,38768,9e106954a5e290758d17cb5676d2a9f9717efd539fad55105efe47513640ad01
C:/Users/EZ/Desktop/git-blog/_image/2025-03-31-7.png,2025-03-31-7.png,C:/Users/EZ/Desktop/git-blog/_image/2025-03-31-00-00-06.png,2025-03-31-00-00-06.png,2025-03-31T00:00:06,파일명 날짜/시각 또는 파일 수정 시각 + 이름 충돌 보정,5748,e80f7868f6ac4cff4054d2d88c3996156f77099d5e2d25dcc8c514a5ce472d71
C:/Users/EZ/Desktop/git-blog/_image/2025-03-31-8.png,2025-03-31-8.png,C:/Users/EZ/Desktop/git-blog/_image/2025-03-31-00-00-07.png,2025-03-31-00-00-07.png,2025-03-31T00:00:07,파일명 날짜/시각 또는 파일 수정 시각 + 이름 충돌 보정,40350,7c9d64acd7525e8f1d2d934bf4f29766a57605d2b7d4732d0228f361ff124d64
C:/Users/EZ/Desktop/git-blog/_image/2025-03-31-9.png,2025-03-31-9.png,C:/Users/EZ/Desktop/git-blog/_image/2025-03-31-00-00-08.png,2025-03-31-00-00-08.png,2025-03-31T00:00:08,파일명 날짜/시각 또는 파일 수정 시각 + 이름 충돌 보정,40076,615be00f5b33c7c55aaac27f45b45481dea203d7f88170599c96865956f3c50e
C:/Users/EZ/Desktop/git-blog/_image/2025-04-14-1.png,2025-04-14-1.png,C:/Users/EZ/Desktop/git-blog/_image/2025-04-14-00-00-00.png,2025-04-14-00-00-00.png,2025-04-14T00:00:00,파일명 날짜/시각 또는 파일 수정 시각,45112,a69b59159c37e6726e891c68a75d874bebbd0d3a904de7653f3388156ea0665c
C:/Users/EZ/Desktop/git-blog/_image/2025-04-20-1.png,2025-04-20-1.png,C:/Users/EZ/Desktop/git-blog/_image/2025-04-20-00-00-00.png,2025-04-20-00-00-00.png,2025-04-20T00:00:00,파일명 날짜/시각 또는 파일 수정 시각,7122,c4ca720aa0a36eb3fe7af549cae4b66b2cd568cc9eff5e33a9e3605117301833
C:/Users/EZ/Desktop/git-blog/_image/2025-04-20-10.png,2025-04-20-10.png,C:/Users/EZ/Desktop/git-blog/_image/2025-04-20-00-00-01.png,2025-04-20-00-00-01.png,2025-04-20T00:00:01,파일명 날짜/시각 또는 파일 수정 시각 + 이름 충돌 보정,21408,a1df892bf0252abdd6bd5ae14ada5e41ca9c8763efb93cfbe3ef255a3348163e
C:/Users/EZ/Desktop/git-blog/_image/2025-04-20-11.png,2025-04-20-11.png,C:/Users/EZ/Desktop/git-blog/_image/2025-04-20-00-00-02.png,2025-04-20-00-00-02.png,2025-04-20T00:00:02,파일명 날짜/시각 또는 파일 수정 시각 + 이름 충돌 보정,159312,9b4a762a730f67ab7c4d16c2324e21aa3f23bac2e785d0171269fb8077e0e29f
C:/Users/EZ/Desktop/git-blog/_image/2025-04-20-12.png,2025-04-20-12.png,C:/Users/EZ/Desktop/git-blog/_image/2025-04-20-00-00-03.png,2025-04-20-00-00-03.png,2025-04-20T00:00:03,파일명 날짜/시각 또는 파일 수정 시각 + 이름 충돌 보정,80151,8e3b2c0378daa2f1d587efb507bbf9721884a9c64b8cf24c859db118dd5e0e2b
C:/Users/EZ/Desktop/git-blog/_image/2025-04-20-13.png,2025-04-20-13.png,C:/Users/EZ/Desktop/git-blog/_image/2025-04-20-00-00-04.png,2025-04-20-00-00-04.png,2025-04-20T00:00:04,파일명 날짜/시각 또는 파일 수정 시각 + 이름 충돌 보정,22110,744f40b06c28861d673fb20a1799a8eee5adbdb16077dab3c2909ff9852332a7
C:/Users/EZ/Desktop/git-blog/_image/2025-04-20-14.png,2025-04-20-14.png,C:/Users/EZ/Desktop/git-blog/_image/2025-04-20-00-00-05.png,2025-04-20-00-00-05.png,2025-04-20T00:00:05,파일명 날짜/시각 또는 파일 수정 시각 + 이름 충돌 보정,146660,6dedea432fb963da95d2cf06a1b308c9e0c08a65183ab91b303fe438dedea1d3
C:/Users/EZ/Desktop/git-blog/_image/2025-04-20-15.png,2025-04-20-15.png,C:/Users/EZ/Desktop/git-blog/_image/2025-04-20-00-00-06.png,2025-04-20-00-00-06.png,2025-04-20T00:00:06,파일명 날짜/시각 또는 파일 수정 시각 + 이름 충돌 보정,78312,bb68d2304c191f6c4b8ef37ecd12ce88337125eb2e71187fb6f072126a415a28
C:/Users/EZ/Desktop/git-blog/_image/2025-04-20-16.png,2025-04-20-16.png,C:/Users/EZ/Desktop/git-blog/_image/2025-04-20-00-00-07.png,2025-04-20-00-00-07.png,2025-04-20T00:00:07,파일명 날짜/시각 또는 파일 수정 시각 + 이름 충돌 보정,21593,7e57e68e9a6fd7cf8db2c7be01859b30fe378bfdb4357000cfbb4c2e6ae2644a
C:/Users/EZ/Desktop/git-blog/_image/2025-04-20-17.png,2025-04-20-17.png,C:/Users/EZ/Desktop/git-blog/_image/2025-04-20-00-00-08.png,2025-04-20-00-00-08.png,2025-04-20T00:00:08,파일명 날짜/시각 또는 파일 수정 시각 + 이름 충돌 보정,134278,6814d09289457ebb79da37ab59b6af868b1c7eb5dcd9bc6b72b9caea79dc110b
C:/Users/EZ/Desktop/git-blog/_image/2025-04-20-18.png,2025-04-20-18.png,C:/Users/EZ/Desktop/git-blog/_image/2025-04-20-00-00-09.png,2025-04-20-00-00-09.png,2025-04-20T00:00:09,파일명 날짜/시각 또는 파일 수정 시각 + 이름 충돌 보정,74570,69b0a388cf48def097f56d67f0095e962250e5face8840c6e0aa36c9963a9912
C:/Users/EZ/Desktop/git-blog/_image/2025-04-20-19.png,2025-04-20-19.png,C:/Users/EZ/Desktop/git-blog/_image/2025-04-20-00-00-10.png,2025-04-20-00-00-10.png,2025-04-20T00:00:10,파일명 날짜/시각 또는 파일 수정 시각 + 이름 충돌 보정,22367,94e7d7c8b31da5a7851082bcac798a9305cfcd7cd43b1ef693e1ab431bc353ab
C:/Users/EZ/Desktop/git-blog/_image/2025-04-20-2.png,2025-04-20-2.png,C:/Users/EZ/Desktop/git-blog/_image/2025-04-20-00-00-11.png,2025-04-20-00-00-11.png,2025-04-20T00:00:11,파일명 날짜/시각 또는 파일 수정 시각 + 이름 충돌 보정,113349,7c7424700b30b121ccbab792322d377708fa9009446bcef59b162b302c3c121f
C:/Users/EZ/Desktop/git-blog/_image/2025-04-20-20.png,2025-04-20-20.png,C:/Users/EZ/Desktop/git-blog/_image/2025-04-20-00-00-12.png,2025-04-20-00-00-12.png,2025-04-20T00:00:12,파일명 날짜/시각 또는 파일 수정 시각 + 이름 충돌 보정,164602,41b8cc33e4b219d7e2f52e6590a9768000a5be81921f15fb7728b4ff3ec2b79d
C:/Users/EZ/Desktop/git-blog/_image/2025-04-20-21.png,2025-04-20-21.png,C:/Users/EZ/Desktop/git-blog/_image/2025-04-20-00-00-13.png,2025-04-20-00-00-13.png,2025-04-20T00:00:13,파일명 날짜/시각 또는 파일 수정 시각 + 이름 충돌 보정,77565,53cac176f12906a5ca9a115374e5d5072b1cfe97cf2f95787f9d442a0904a381
C:/Users/EZ/Desktop/git-blog/_image/2025-04-20-22.png,2025-04-20-22.png,C:/Users/EZ/Desktop/git-blog/_image/2025-04-20-00-00-14.png,2025-04-20-00-00-14.png,2025-04-20T00:00:14,파일명 날짜/시각 또는 파일 수정 시각 + 이름 충돌 보정,22142,508633312d87090c46fa6ee77fa2adbdd404b645a5b8461d02df97941dd50265
C:/Users/EZ/Desktop/git-blog/_image/2025-04-20-3.png,2025-04-20-3.png,C:/Users/EZ/Desktop/git-blog/_image/2025-04-20-00-00-15.png,2025-04-20-00-00-15.png,2025-04-20T00:00:15,파일명 날짜/시각 또는 파일 수정 시각 + 이름 충돌 보정,65241,a855b2cf85d76898a75de2bd3041c92a8b49882306e3ccb8f452b73a7304ff30
C:/Users/EZ/Desktop/git-blog/_image/2025-04-20-4.png,2025-04-20-4.png,C:/Users/EZ/Desktop/git-blog/_image/2025-04-20-00-00-16.png,2025-04-20-00-00-16.png,2025-04-20T00:00:16,파일명 날짜/시각 또는 파일 수정 시각 + 이름 충돌 보정,22324,420cbab8a941457a500ac7eedc92ffcbf3c0595d054640e84f2bbc7b08b85c45
C:/Users/EZ/Desktop/git-blog/_image/2025-04-20-5.png,2025-04-20-5.png,C:/Users/EZ/Desktop/git-blog/_image/2025-04-20-00-00-17.png,2025-04-20-00-00-17.png,2025-04-20T00:00:17,파일명 날짜/시각 또는 파일 수정 시각 + 이름 충돌 보정,120375,e0e50e4077bb4e1261a64f83fd9db22be8994c77228d80a88a15fa23677bf65a
C:/Users/EZ/Desktop/git-blog/_image/2025-04-20-6.png,2025-04-20-6.png,C:/Users/EZ/Desktop/git-blog/_image/2025-04-20-00-00-18.png,2025-04-20-00-00-18.png,2025-04-20T00:00:18,파일명 날짜/시각 또는 파일 수정 시각 + 이름 충돌 보정,67897,ec50c7492cffdf11c81151867add9cdc1321c3b3faf3f9bb398b472f5257503f
C:/Users/EZ/Desktop/git-blog/_image/2025-04-20-7.png,2025-04-20-7.png,C:/Users/EZ/Desktop/git-blog/_image/2025-04-20-00-00-19.png,2025-04-20-00-00-19.png,2025-04-20T00:00:19,파일명 날짜/시각 또는 파일 수정 시각 + 이름 충돌 보정,24437,93b3a889de12179de0cadcd1d337049d72a38d91fa8d5802eacfdc6ef7bc4c91
C:/Users/EZ/Desktop/git-blog/_image/2025-04-20-8.png,2025-04-20-8.png,C:/Users/EZ/Desktop/git-blog/_image/2025-04-20-00-00-20.png,2025-04-20-00-00-20.png,2025-04-20T00:00:20,파일명 날짜/시각 또는 파일 수정 시각 + 이름 충돌 보정,136750,210380559351db27d4b2191d0316cc00496907c1bb9acd97dcd2ca92b71c920c
C:/Users/EZ/Desktop/git-blog/_image/2025-04-20-9.png,2025-04-20-9.png,C:/Users/EZ/Desktop/git-blog/_image/2025-04-20-00-00-21.png,2025-04-20-00-00-21.png,2025-04-20T00:00:21,파일명 날짜/시각 또는 파일 수정 시각 + 이름 충돌 보정,68134,2114d3077df3883d9ed4bbe0e9ac590dc7e2e0b6290187aca85873fd2c38cc1e
C:/Users/EZ/Desktop/git-blog/_image/2025-04-24-1.jpg,2025-04-24-1.jpg,C:/Users/EZ/Desktop/git-blog/_image/2025-04-24-00-00-00.jpg,2025-04-24-00-00-00.jpg,2025-04-24T00:00:00,파일명 날짜/시각 또는 파일 수정 시각,34241,c7bedf002a8eacdc277f05eb5f7de92155c961aaafa9da10051803fb95e71472
C:/Users/EZ/Desktop/git-blog/_image/2025-04-24-2.jpg,2025-04-24-2.jpg,C:/Users/EZ/Desktop/git-blog/_image/2025-04-24-00-00-01.jpg,2025-04-24-00-00-01.jpg,2025-04-24T00:00:01,파일명 날짜/시각 또는 파일 수정 시각 + 이름 충돌 보정,26320,4080c5dac0977a9904ec5758b4d768916d243a67e26397e73f912ae5b2de56d0
C:/Users/EZ/Desktop/git-blog/_image/2025-05-19-1.png,2025-05-19-1.png,C:/Users/EZ/Desktop/git-blog/_image/2025-05-19-00-00-00.png,2025-05-19-00-00-00.png,2025-05-19T00:00:00,파일명 날짜/시각 또는 파일 수정 시각,25354,19aa420afddc37f83016caff17b43412dd31f21ce2eb95de8873cfff0edcf164
C:/Users/EZ/Desktop/git-blog/_image/2025-05-20-1.jpg,2025-05-20-1.jpg,C:/Users/EZ/Desktop/git-blog/_image/2025-05-20-00-00-00.jpg,2025-05-20-00-00-00.jpg,2025-05-20T00:00:00,파일명 날짜/시각 또는 파일 수정 시각,52862,f7d032ca78a9135e158bc05c8b6a2ec0d948339404bfad9c14b9040fec154cf3
C:/Users/EZ/Desktop/git-blog/_image/2025-05-20-2.jpg,2025-05-20-2.jpg,C:/Users/EZ/Desktop/git-blog/_image/2025-05-20-00-00-01.jpg,2025-05-20-00-00-01.jpg,2025-05-20T00:00:01,파일명 날짜/시각 또는 파일 수정 시각 + 이름 충돌 보정,40531,84c78cb457bd9495ddeba05c594a64f796e7549b40ac31cd7dd8bbc55ee6abe3
C:/Users/EZ/Desktop/git-blog/_image/2025-05-21-1.jpg,2025-05-21-1.jpg,C:/Users/EZ/Desktop/git-blog/_image/2025-05-21-00-00-00.jpg,2025-05-21-00-00-00.jpg,2025-05-21T00:00:00,파일명 날짜/시각 또는 파일 수정 시각,33505,46e2af324265a20a3ef34a9c070c02376ec2d97ca2b1ee5c04fb44969e994cce
C:/Users/EZ/Desktop/git-blog/_image/2025-05-21-2.jpg,2025-05-21-2.jpg,C:/Users/EZ/Desktop/git-blog/_image/2025-05-21-00-00-01.jpg,2025-05-21-00-00-01.jpg,2025-05-21T00:00:01,파일명 날짜/시각 또는 파일 수정 시각 + 이름 충돌 보정,81890,5b7464be07c8f224fe834b0dcbc95e05357d5400e6c4424c09a4c7ff8414ac66
C:/Users/EZ/Desktop/git-blog/_image/2025-05-21-3.jpg,2025-05-21-3.jpg,C:/Users/EZ/Desktop/git-blog/_image/2025-05-21-00-00-02.jpg,2025-05-21-00-00-02.jpg,2025-05-21T00:00:02,파일명 날짜/시각 또는 파일 수정 시각 + 이름 충돌 보정,71839,fe241adc6b5d06f7dcbb0a418072ee55f96eb78fe8534ce9c529fb20a2cbe665
C:/Users/EZ/Desktop/git-blog/_image/2025-05-21-4.jpg,2025-05-21-4.jpg,C:/Users/EZ/Desktop/git-blog/_image/2025-05-21-00-00-03.jpg,2025-05-21-00-00-03.jpg,2025-05-21T00:00:03,파일명 날짜/시각 또는 파일 수정 시각 + 이름 충돌 보정,15781,162c14b9da385c6b84bf84f94dc1301e65af5759d4fe38f3b0675ca7a3021014
C:/Users/EZ/Desktop/git-blog/_image/2025-05-21-5.jpg,2025-05-21-5.jpg,C:/Users/EZ/Desktop/git-blog/_image/2025-05-21-00-00-04.jpg,2025-05-21-00-00-04.jpg,2025-05-21T00:00:04,파일명 날짜/시각 또는 파일 수정 시각 + 이름 충돌 보정,13140,d2c07b29f04bde366430a6dcbb984b543c5b5a0ef11aff2e9e00688cffd0a103
C:/Users/EZ/Desktop/git-blog/_image/2025-05-21-6.jpg,2025-05-21-6.jpg,C:/Users/EZ/Desktop/git-blog/_image/2025-05-21-00-00-05.jpg,2025-05-21-00-00-05.jpg,2025-05-21T00:00:05,파일명 날짜/시각 또는 파일 수정 시각 + 이름 충돌 보정,14445,9878459c86f5e33db17c52a7a965b2549f2627bc643a54b826405685d1c79813
C:/Users/EZ/Desktop/git-blog/_image/2025-05-21-7.jpg,2025-05-21-7.jpg,C:/Users/EZ/Desktop/git-blog/_image/2025-05-21-00-00-06.jpg,2025-05-21-00-00-06.jpg,2025-05-21T00:00:06,파일명 날짜/시각 또는 파일 수정 시각 + 이름 충돌 보정,15405,5492206d64cce380949a2038de83fe81e4ecf7ac4ab7a3163182f33768edbc8a
C:/Users/EZ/Desktop/git-blog/_image/2025-05-21-8.jpg,2025-05-21-8.jpg,C:/Users/EZ/Desktop/git-blog/_image/2025-05-21-00-00-07.jpg,2025-05-21-00-00-07.jpg,2025-05-21T00:00:07,파일명 날짜/시각 또는 파일 수정 시각 + 이름 충돌 보정,39266,3f357510cc1ebb7b2c8f8446ac8a21153c4f81c66bc51416af622e2be262ecb7
C:/Users/EZ/Desktop/git-blog/_image/2025-05-21-9.jpg,2025-05-21-9.jpg,C:/Users/EZ/Desktop/git-blog/_image/2025-05-21-00-00-08.jpg,2025-05-21-00-00-08.jpg,2025-05-21T00:00:08,파일명 날짜/시각 또는 파일 수정 시각 + 이름 충돌 보정,86566,1bb0662e303e477ecb870419cc77c35a44c883d578c29f56e0ac0d079738c5e0
C:/Users/EZ/Desktop/git-blog/_image/2025-05-28-1.jpg,2025-05-28-1.jpg,C:/Users/EZ/Desktop/git-blog/_image/2025-05-28-00-00-00.jpg,2025-05-28-00-00-00.jpg,2025-05-28T00:00:00,파일명 날짜/시각 또는 파일 수정 시각,110830,fb9ee9ea5eb2a55923e0ac91ffce15bdeeaa949a6dd84ee0fd4a038dc10708ff
C:/Users/EZ/Desktop/git-blog/_image/2025-05-28-10.jpg,2025-05-28-10.jpg,C:/Users/EZ/Desktop/git-blog/_image/2025-05-28-00-00-01.jpg,2025-05-28-00-00-01.jpg,2025-05-28T00:00:01,파일명 날짜/시각 또는 파일 수정 시각 + 이름 충돌 보정,96146,c7df73ae8927b8eb5d34a2c2c57b40fa5f089e44eb4e0206312223a452d12291
C:/Users/EZ/Desktop/git-blog/_image/2025-05-28-2.jpg,2025-05-28-2.jpg,C:/Users/EZ/Desktop/git-blog/_image/2025-05-28-00-00-02.jpg,2025-05-28-00-00-02.jpg,2025-05-28T00:00:02,파일명 날짜/시각 또는 파일 수정 시각 + 이름 충돌 보정,64859,cb001821db508460bac333d0b4fbce11114228c270b7f7e8e4e2357e92cfc4c0
C:/Users/EZ/Desktop/git-blog/_image/2025-05-28-3.jpg,2025-05-28-3.jpg,C:/Users/EZ/Desktop/git-blog/_image/2025-05-28-00-00-03.jpg,2025-05-28-00-00-03.jpg,2025-05-28T00:00:03,파일명 날짜/시각 또는 파일 수정 시각 + 이름 충돌 보정,78824,f96e7e082c091e4015f5e554fbdd6a4af96724a63d376265806576c982cd4f2d
C:/Users/EZ/Desktop/git-blog/_image/2025-05-28-4.jpg,2025-05-28-4.jpg,C:/Users/EZ/Desktop/git-blog/_image/2025-05-28-00-00-04.jpg,2025-05-28-00-00-04.jpg,2025-05-28T00:00:04,파일명 날짜/시각 또는 파일 수정 시각 + 이름 충돌 보정,137386,6808a71e17ef1e8e73704e7f62db97afd13be700052cfb51f7170f63cc336fa4
C:/Users/EZ/Desktop/git-blog/_image/2025-05-28-5.jpg,2025-05-28-5.jpg,C:/Users/EZ/Desktop/git-blog/_image/2025-05-28-00-00-05.jpg,2025-05-28-00-00-05.jpg,2025-05-28T00:00:05,파일명 날짜/시각 또는 파일 수정 시각 + 이름 충돌 보정,41816,82f1b5b27b8692115069da5f3bc027814ce38cae84db532ba9fc24990caba448
C:/Users/EZ/Desktop/git-blog/_image/2025-05-28-6.jpg,2025-05-28-6.jpg,C:/Users/EZ/Desktop/git-blog/_image/2025-05-28-00-00-06.jpg,2025-05-28-00-00-06.jpg,2025-05-28T00:00:06,파일명 날짜/시각 또는 파일 수정 시각 + 이름 충돌 보정,90544,3f6d3130b5779bdef5f5e0c1df0f581bc4f6b5240acba3c6f1f9dd028f1a3744
C:/Users/EZ/Desktop/git-blog/_image/2025-05-28-7.jpg,2025-05-28-7.jpg,C:/Users/EZ/Desktop/git-blog/_image/2025-05-28-00-00-07.jpg,2025-05-28-00-00-07.jpg,2025-05-28T00:00:07,파일명 날짜/시각 또는 파일 수정 시각 + 이름 충돌 보정,58822,b794f03eb11e09f6e5328f5b08f2ad4065ba82979465362a4970481848b45c23
C:/Users/EZ/Desktop/git-blog/_image/2025-05-28-8.jpg,2025-05-28-8.jpg,C:/Users/EZ/Desktop/git-blog/_image/2025-05-28-00-00-08.jpg,2025-05-28-00-00-08.jpg,2025-05-28T00:00:08,파일명 날짜/시각 또는 파일 수정 시각 + 이름 충돌 보정,85520,711d5a1c4593e43aafbe177980c5b8b68bc6b5ab28eac981da610d7704156f1f
C:/Users/EZ/Desktop/git-blog/_image/2025-05-28-9.jpg,2025-05-28-9.jpg,C:/Users/EZ/Desktop/git-blog/_image/2025-05-28-00-00-09.jpg,2025-05-28-00-00-09.jpg,2025-05-28T00:00:09,파일명 날짜/시각 또는 파일 수정 시각 + 이름 충돌 보정,104427,5b7570454dd151b7881da857f1b4998311ec84cb985301090f4f980852ca087b
C:/Users/EZ/Desktop/git-blog/_image/2025-07-04-1.png,2025-07-04-1.png,C:/Users/EZ/Desktop/git-blog/_image/2025-07-04-00-00-00.png,2025-07-04-00-00-00.png,2025-07-04T00:00:00,파일명 날짜/시각 또는 파일 수정 시각,102931,dc16a459576e790442dcf1fc5539c39d10f23d9da2f81fd32613d7900f1b818c
C:/Users/EZ/Desktop/git-blog/_image/2025-07-04-2.png,2025-07-04-2.png,C:/Users/EZ/Desktop/git-blog/_image/2025-07-04-00-00-01.png,2025-07-04-00-00-01.png,2025-07-04T00:00:01,파일명 날짜/시각 또는 파일 수정 시각 + 이름 충돌 보정,50451,be5270bd07978b854e3dbb3dcadaf897217b84f580955e1a84903439eeb39224
C:/Users/EZ/Desktop/git-blog/_image/2025-07-04-3.png,2025-07-04-3.png,C:/Users/EZ/Desktop/git-blog/_image/2025-07-04-00-00-02.png,2025-07-04-00-00-02.png,2025-07-04T00:00:02,파일명 날짜/시각 또는 파일 수정 시각 + 이름 충돌 보정,18805,2b2b1647a82894bf207f069fa5b53247b646e52710b4602f6d341ca2779761b6
C:/Users/EZ/Desktop/git-blog/_image/20250823185105.png,20250823185105.png,C:/Users/EZ/Desktop/git-blog/_image/2025-08-23-18-51-05.png,2025-08-23-18-51-05.png,2025-08-23T18:51:05,파일명 날짜/시각 또는 파일 수정 시각,111699,41ccfcb427d73e99e8062b1fab56a193c960e20520db448c15d8c3564d2865ba
C:/Users/EZ/Desktop/git-blog/_image/20250823190013.png,20250823190013.png,C:/Users/EZ/Desktop/git-blog/_image/2025-08-23-19-00-13.png,2025-08-23-19-00-13.png,2025-08-23T19:00:13,파일명 날짜/시각 또는 파일 수정 시각,80727,16748c4cbf66789fc7a87a7ca970f9a36e3875b32b3b20bdd98cf32fd4e4c801
C:/Users/EZ/Desktop/git-blog/_image/20250902232644.png,20250902232644.png,C:/Users/EZ/Desktop/git-blog/_image/2025-09-02-23-26-44.png,2025-09-02-23-26-44.png,2025-09-02T23:26:44,파일명 날짜/시각 또는 파일 수정 시각,24256,72606725a0e8c518041fa862d95345d09450c3c7190eaa0c499397c6a4499412
C:/Users/EZ/Desktop/git-blog/_image/20250902232723.png,20250902232723.png,C:/Users/EZ/Desktop/git-blog/_image/2025-09-02-23-27-23.png,2025-09-02-23-27-23.png,2025-09-02T23:27:23,파일명 날짜/시각 또는 파일 수정 시각,21904,d4b7e6f5dfbd363d195687d83636a23cfffdddd237f3cd2fd537c596004cb105
C:/Users/EZ/Desktop/git-blog/_image/20250902233329.png,20250902233329.png,C:/Users/EZ/Desktop/git-blog/_image/2025-09-02-23-33-29.png,2025-09-02-23-33-29.png,2025-09-02T23:33:29,파일명 날짜/시각 또는 파일 수정 시각,40285,c6a47ac88e9757145e05fa85a00f3f63b1e122ad4262194f5265c5f36cb741a1
C:/Users/EZ/Desktop/git-blog/_image/20250902233732.png,20250902233732.png,C:/Users/EZ/Desktop/git-blog/_image/2025-09-02-23-37-32.png,2025-09-02-23-37-32.png,2025-09-02T23:37:32,파일명 날짜/시각 또는 파일 수정 시각,47307,b525108c8e2f5e7d54af3c694a89c37d4824f12810b3f31a63d99860bcd42901
C:/Users/EZ/Desktop/git-blog/_image/20250902233816.png,20250902233816.png,C:/Users/EZ/Desktop/git-blog/_image/2025-09-02-23-38-16.png,2025-09-02-23-38-16.png,2025-09-02T23:38:16,파일명 날짜/시각 또는 파일 수정 시각,46518,6f11575afcede4cde4e8c3df315e31bff958fdd8900b67d2036a5f0adcbe92f2
C:/Users/EZ/Desktop/git-blog/_image/20250902234426.png,20250902234426.png,C:/Users/EZ/Desktop/git-blog/_image/2025-09-02-23-44-26.png,2025-09-02-23-44-26.png,2025-09-02T23:44:26,파일명 날짜/시각 또는 파일 수정 시각,21269,173c67df085eb10c27297593cc75ea9ae675c1f7d7b97af00e5e055312834d14
C:/Users/EZ/Desktop/git-blog/_image/20250902234533.png,20250902234533.png,C:/Users/EZ/Desktop/git-blog/_image/2025-09-02-23-45-33.png,2025-09-02-23-45-33.png,2025-09-02T23:45:33,파일명 날짜/시각 또는 파일 수정 시각,76747,c63f18fb64683c356e60ac16246f79c6015ee9f0a8e631c7768fca0e3433dd63
C:/Users/EZ/Desktop/git-blog/_image/20250902235323.png,20250902235323.png,C:/Users/EZ/Desktop/git-blog/_image/2025-09-02-23-53-23.png,2025-09-02-23-53-23.png,2025-09-02T23:53:23,파일명 날짜/시각 또는 파일 수정 시각,45901,20f599976dd1f53efbd9f8d9233bae62417806885196a4c2543fbf7f7f3dacb2
C:/Users/EZ/Desktop/git-blog/_image/20250902235359.png,20250902235359.png,C:/Users/EZ/Desktop/git-blog/_image/2025-09-02-23-53-59.png,2025-09-02-23-53-59.png,2025-09-02T23:53:59,파일명 날짜/시각 또는 파일 수정 시각,55358,3bec4b9f220f1cdfa28af545a14fed5c94292ae0b83b87ccdbace336cfc142cc
C:/Users/EZ/Desktop/git-blog/_image/20250902235425.png,20250902235425.png,C:/Users/EZ/Desktop/git-blog/_image/2025-09-02-23-54-25.png,2025-09-02-23-54-25.png,2025-09-02T23:54:25,파일명 날짜/시각 또는 파일 수정 시각,83782,bcb606263336e4ebf35fda64cd7ea02477a1a0a9a25f3e28a3f1910209e7581b
C:/Users/EZ/Desktop/git-blog/_image/20250903000158.png,20250903000158.png,C:/Users/EZ/Desktop/git-blog/_image/2025-09-03-00-01-58.png,2025-09-03-00-01-58.png,2025-09-03T00:01:58,파일명 날짜/시각 또는 파일 수정 시각,30711,1a4c880374b94ca871953ae62e102ff315222690f8d3faf1cc8889fde88dfcf2
C:/Users/EZ/Desktop/git-blog/_image/20250903000246.png,20250903000246.png,C:/Users/EZ/Desktop/git-blog/_image/2025-09-03-00-02-46.png,2025-09-03-00-02-46.png,2025-09-03T00:02:46,파일명 날짜/시각 또는 파일 수정 시각,62173,8459fc88c28e706c803cd9f1f9dd12142bd0d10842372f60890a6c357556150f
C:/Users/EZ/Desktop/git-blog/_image/20250903202632.png,20250903202632.png,C:/Users/EZ/Desktop/git-blog/_image/2025-09-03-20-26-32.png,2025-09-03-20-26-32.png,2025-09-03T20:26:32,파일명 날짜/시각 또는 파일 수정 시각,12822,4c31a0ff6db876a49773fe31b913632275ccac7858a7016922521b081ad091dc
C:/Users/EZ/Desktop/git-blog/_image/20250903202649.png,20250903202649.png,C:/Users/EZ/Desktop/git-blog/_image/2025-09-03-20-26-49.png,2025-09-03-20-26-49.png,2025-09-03T20:26:49,파일명 날짜/시각 또는 파일 수정 시각,148209,944db78406a64176835bfc47f5578c2879b5d44e807393b01e4122b8510aee68
C:/Users/EZ/Desktop/git-blog/_image/20250914204534.png,20250914204534.png,C:/Users/EZ/Desktop/git-blog/_image/2025-09-14-20-45-34.png,2025-09-14-20-45-34.png,2025-09-14T20:45:34,파일명 날짜/시각 또는 파일 수정 시각,894125,4cc9b5fa5b80c80b82c3c414abbfb16f276ec42b24c285c2cd2cc4cdbd49512a
C:/Users/EZ/Desktop/git-blog/_image/20250914 204633.png,20250914 204633.png,C:/Users/EZ/Desktop/git-blog/_image/2025-09-14-20-46-33.png,2025-09-14-20-46-33.png,2025-09-14T20:46:33,파일명 날짜/시각 또는 파일 수정 시각,35014,406622dea7d61d218c6c086ac2eb3a7475da160caea1bdc924fad91168a353d7
C:/Users/EZ/Desktop/git-blog/_image/20250914 204728 1.png,20250914 204728 1.png,C:/Users/EZ/Desktop/git-blog/_image/2025-09-14-20-47-28.png,2025-09-14-20-47-28.png,2025-09-14T20:47:28,파일명 날짜/시각 또는 파일 수정 시각,21352,e7e356e25afb65a15331df241cf2d6e25eeb6bc5cb00376f878613888cff5e86
C:/Users/EZ/Desktop/git-blog/_image/20250914 204852.png,20250914 204852.png,C:/Users/EZ/Desktop/git-blog/_image/2025-09-14-20-48-52.png,2025-09-14-20-48-52.png,2025-09-14T20:48:52,파일명 날짜/시각 또는 파일 수정 시각,94101,17216bde779a4b3cabf1a0e5940c777d8cf200d5773335b0b349b07825bf9443
C:/Users/EZ/Desktop/git-blog/_image/20250914 205350.png,20250914 205350.png,C:/Users/EZ/Desktop/git-blog/_image/2025-09-14-20-53-50.png,2025-09-14-20-53-50.png,2025-09-14T20:53:50,파일명 날짜/시각 또는 파일 수정 시각,40823,1056d5402bc9dee16daa098d2331aa9573603dd563f2aae83ffb5626bdf230f9
C:/Users/EZ/Desktop/git-blog/_image/20250914 205511.png,20250914 205511.png,C:/Users/EZ/Desktop/git-blog/_image/2025-09-14-20-55-11.png,2025-09-14-20-55-11.png,2025-09-14T20:55:11,파일명 날짜/시각 또는 파일 수정 시각,7775,77857543ab6dc4329ab1ab1a11d143c3d50fb18256e095542c699669de1d16b6
C:/Users/EZ/Desktop/git-blog/_image/20250914 205740.png,20250914 205740.png,C:/Users/EZ/Desktop/git-blog/_image/2025-09-14-20-57-40.png,2025-09-14-20-57-40.png,2025-09-14T20:57:40,파일명 날짜/시각 또는 파일 수정 시각,11467,b2758ca47d0ea0198c33a32c0fa7adde8df75855858a47d4335a97431a0d0202
C:/Users/EZ/Desktop/git-blog/_image/20250914210419.png,20250914210419.png,C:/Users/EZ/Desktop/git-blog/_image/2025-09-14-21-04-19.png,2025-09-14-21-04-19.png,2025-09-14T21:04:19,파일명 날짜/시각 또는 파일 수정 시각,894125,4cc9b5fa5b80c80b82c3c414abbfb16f276ec42b24c285c2cd2cc4cdbd49512a
C:/Users/EZ/Desktop/git-blog/_image/20250914210922.png,20250914210922.png,C:/Users/EZ/Desktop/git-blog/_image/2025-09-14-21-09-22.png,2025-09-14-21-09-22.png,2025-09-14T21:09:22,파일명 날짜/시각 또는 파일 수정 시각,35957,fa816f7a6855bfe76cd9866ab4952f743a4e647cc1db21b2251ff0688c8bc023
C:/Users/EZ/Desktop/git-blog/_image/20250915 204834.png,20250915 204834.png,C:/Users/EZ/Desktop/git-blog/_image/2025-09-15-20-48-34.png,2025-09-15-20-48-34.png,2025-09-15T20:48:34,파일명 날짜/시각 또는 파일 수정 시각,17518,b4e87b5a9157889ea4dbbed3c71d826f1803f671ff70ce7553e3c844e33cd527
C:/Users/EZ/Desktop/git-blog/_image/20250915205612.png,20250915205612.png,C:/Users/EZ/Desktop/git-blog/_image/2025-09-15-20-56-12.png,2025-09-15-20-56-12.png,2025-09-15T20:56:12,파일명 날짜/시각 또는 파일 수정 시각,17509,57e3aba653d5e327898baabdc3c4f6419c1860a497cfe6e70892d320e88969b1
C:/Users/EZ/Desktop/git-blog/_image/20250921200037.png,20250921200037.png,C:/Users/EZ/Desktop/git-blog/_image/2025-09-21-20-00-37.png,2025-09-21-20-00-37.png,2025-09-21T20:00:37,파일명 날짜/시각 또는 파일 수정 시각,25534,9dc24999396a793cfa46ca3802820274c72cb9a885ea6c52f79c2b3cb8c4b39b
C:/Users/EZ/Desktop/git-blog/_image/20250924165209.png,20250924165209.png,C:/Users/EZ/Desktop/git-blog/_image/2025-09-24-16-52-09.png,2025-09-24-16-52-09.png,2025-09-24T16:52:09,파일명 날짜/시각 또는 파일 수정 시각,41106,7144b93af89e4e6f14760c70ad0ccbf79f35b37d8e35a73a80636f037e6e2311
C:/Users/EZ/Desktop/git-blog/_image/20250924165403.png,20250924165403.png,C:/Users/EZ/Desktop/git-blog/_image/2025-09-24-16-54-03.png,2025-09-24-16-54-03.png,2025-09-24T16:54:03,파일명 날짜/시각 또는 파일 수정 시각,48397,9ae32667f5b9f8a7d5f0a8d36715cf924a6379e751616da18311877ed4222372
C:/Users/EZ/Desktop/git-blog/_image/20250924171853.png,20250924171853.png,C:/Users/EZ/Desktop/git-blog/_image/2025-09-24-17-18-53.png,2025-09-24-17-18-53.png,2025-09-24T17:18:53,파일명 날짜/시각 또는 파일 수정 시각,110070,456da5dbd1941b950228340b9add5845c3a189545c8ec7e2eb7a8ca7e3da5796
C:/Users/EZ/Desktop/git-blog/_image/20250924171914.png,20250924171914.png,C:/Users/EZ/Desktop/git-blog/_image/2025-09-24-17-19-14.png,2025-09-24-17-19-14.png,2025-09-24T17:19:14,파일명 날짜/시각 또는 파일 수정 시각,87654,c9653f4c6a51c741713be6d7b62de2194cea8262f89872dfe11ae77e5476a651
C:/Users/EZ/Desktop/git-blog/_image/20250925222709.png,20250925222709.png,C:/Users/EZ/Desktop/git-blog/_image/2025-09-25-22-27-09.png,2025-09-25-22-27-09.png,2025-09-25T22:27:09,파일명 날짜/시각 또는 파일 수정 시각,27044,f7a68765fa7fd3d3692dc10bcadbe5d4c422741b9b9d0b3841d1e70a740815db
C:/Users/EZ/Desktop/git-blog/_image/20250925223452.png,20250925223452.png,C:/Users/EZ/Desktop/git-blog/_image/2025-09-25-22-34-52.png,2025-09-25-22-34-52.png,2025-09-25T22:34:52,파일명 날짜/시각 또는 파일 수정 시각,83564,40e26e236e30ffe9f946e30cabd74bf4dd5989b6504a1433e41a463d7a96bd3e
C:/Users/EZ/Desktop/git-blog/_image/20250925224224.png,20250925224224.png,C:/Users/EZ/Desktop/git-blog/_image/2025-09-25-22-42-24.png,2025-09-25-22-42-24.png,2025-09-25T22:42:24,파일명 날짜/시각 또는 파일 수정 시각,26264,c989486b5a1a2e49b7f6c7e606cc8065215f6e8ae3d46735098dace608c01b08
C:/Users/EZ/Desktop/git-blog/_image/20250925224239.png,20250925224239.png,C:/Users/EZ/Desktop/git-blog/_image/2025-09-25-22-42-39.png,2025-09-25-22-42-39.png,2025-09-25T22:42:39,파일명 날짜/시각 또는 파일 수정 시각,29205,1007cf175bf8451501068def4a3b4c2c591c635e6baedcf5b8c3d2e5f8e4d0ac
C:/Users/EZ/Desktop/git-blog/_image/20250925224548.png,20250925224548.png,C:/Users/EZ/Desktop/git-blog/_image/2025-09-25-22-45-48.png,2025-09-25-22-45-48.png,2025-09-25T22:45:48,파일명 날짜/시각 또는 파일 수정 시각,84555,946f86a530c81fa8210bd38062314685a0f3a3ed066068ae8a9ef4d368e4f203
C:/Users/EZ/Desktop/git-blog/_image/20250925224612.png,20250925224612.png,C:/Users/EZ/Desktop/git-blog/_image/2025-09-25-22-46-12.png,2025-09-25-22-46-12.png,2025-09-25T22:46:12,파일명 날짜/시각 또는 파일 수정 시각,70196,f026d3e0ee5c6c13c549bbeceeec05ef02f87a0d87d0ff64a668f82ff52f9178
C:/Users/EZ/Desktop/git-blog/_image/20250925225143.png,20250925225143.png,C:/Users/EZ/Desktop/git-blog/_image/2025-09-25-22-51-43.png,2025-09-25-22-51-43.png,2025-09-25T22:51:43,파일명 날짜/시각 또는 파일 수정 시각,33490,8a5653b6abb2941fe63da3e7f2eee18faa2589e8c174e5f9a359114be6a3e82a
C:/Users/EZ/Desktop/git-blog/_image/20250925225158.png,20250925225158.png,C:/Users/EZ/Desktop/git-blog/_image/2025-09-25-22-51-58.png,2025-09-25-22-51-58.png,2025-09-25T22:51:58,파일명 날짜/시각 또는 파일 수정 시각,26595,465f376d2c84e12fe5fc223b1056e45b08ba7a18a2fe5d4cd9690ddb81f3c2eb
C:/Users/EZ/Desktop/git-blog/_image/20250925225523.png,20250925225523.png,C:/Users/EZ/Desktop/git-blog/_image/2025-09-25-22-55-23.png,2025-09-25-22-55-23.png,2025-09-25T22:55:23,파일명 날짜/시각 또는 파일 수정 시각,75610,04dd747416e53a456d39ff408a7952587ec851ca7ffa685db91ef4a18db20417
C:/Users/EZ/Desktop/git-blog/_image/2025-09-27-1.png,2025-09-27-1.png,C:/Users/EZ/Desktop/git-blog/_image/2025-09-27-00-00-00.png,2025-09-27-00-00-00.png,2025-09-27T00:00:00,파일명 날짜/시각 또는 파일 수정 시각,383340,34a33aaaf6b911aef9e3749954d4d8b7be35796dadcf96eb5b38bb1ccb4486f9
C:/Users/EZ/Desktop/git-blog/_image/2025-10-01-1.png,2025-10-01-1.png,C:/Users/EZ/Desktop/git-blog/_image/2025-10-01-00-00-00.png,2025-10-01-00-00-00.png,2025-10-01T00:00:00,파일명 날짜/시각 또는 파일 수정 시각,51178,6a9040f24e4e5baee711a23e229b0725edff082e879a6cd878d7df37af16abe8
C:/Users/EZ/Desktop/git-blog/_image/2025-10-01-2.png,2025-10-01-2.png,C:/Users/EZ/Desktop/git-blog/_image/2025-10-01-00-00-01.png,2025-10-01-00-00-01.png,2025-10-01T00:00:01,파일명 날짜/시각 또는 파일 수정 시각 + 이름 충돌 보정,6863,13db4f58955ed064e1d5eea032de52c0f70005f0e8cd3e29c0d7f35a45c8a017
C:/Users/EZ/Desktop/git-blog/_image/2025-10-01-3.png,2025-10-01-3.png,C:/Users/EZ/Desktop/git-blog/_image/2025-10-01-00-00-02.png,2025-10-01-00-00-02.png,2025-10-01T00:00:02,파일명 날짜/시각 또는 파일 수정 시각 + 이름 충돌 보정,21187,9b86e4a49d11159d65f1730f842775fdc33ccb5b68afdab96a386fd3e3168521
C:/Users/EZ/Desktop/git-blog/_image/2025-10-01-4.png,2025-10-01-4.png,C:/Users/EZ/Desktop/git-blog/_image/2025-10-01-00-00-03.png,2025-10-01-00-00-03.png,2025-10-01T00:00:03,파일명 날짜/시각 또는 파일 수정 시각 + 이름 충돌 보정,13942,64bef1bab5427f95a779fa847b57bd597ad3536f3b6b2b0e2ab81034602244d5
C:/Users/EZ/Desktop/git-blog/_image/20251001103250.png,20251001103250.png,C:/Users/EZ/Desktop/git-blog/_image/2025-10-01-10-32-50.png,2025-10-01-10-32-50.png,2025-10-01T10:32:50,파일명 날짜/시각 또는 파일 수정 시각,93101,babe891232c4b4155b77a087e1dd4b19977d4b7f1edb5c59d8944aeabd9e4aed
C:/Users/EZ/Desktop/git-blog/_image/2025-10-09-1.png,2025-10-09-1.png,C:/Users/EZ/Desktop/git-blog/_image/2025-10-09-00-00-00.png,2025-10-09-00-00-00.png,2025-10-09T00:00:00,파일명 날짜/시각 또는 파일 수정 시각,19704,34c976c16ebcbf847237bf5dd7bb0404592b3871aed85b512ab8a673e739bfea
C:/Users/EZ/Desktop/git-blog/_image/2025-10-09-2.png,2025-10-09-2.png,C:/Users/EZ/Desktop/git-blog/_image/2025-10-09-00-00-01.png,2025-10-09-00-00-01.png,2025-10-09T00:00:01,파일명 날짜/시각 또는 파일 수정 시각 + 이름 충돌 보정,17871,16b89aac41a819ace09bda4507022cf53f6d0bdb4b25b287530c5391ee809b4c
C:/Users/EZ/Desktop/git-blog/_image/2025-10-09-3.png,2025-10-09-3.png,C:/Users/EZ/Desktop/git-blog/_image/2025-10-09-00-00-02.png,2025-10-09-00-00-02.png,2025-10-09T00:00:02,파일명 날짜/시각 또는 파일 수정 시각 + 이름 충돌 보정,35023,8ba475df8c89f2e018970ee6eb22371d25d89fd6dc438b66d8c7ce69b168a008
C:/Users/EZ/Desktop/git-blog/_image/2025-10-09-4.png,2025-10-09-4.png,C:/Users/EZ/Desktop/git-blog/_image/2025-10-09-00-00-03.png,2025-10-09-00-00-03.png,2025-10-09T00:00:03,파일명 날짜/시각 또는 파일 수정 시각 + 이름 충돌 보정,158762,70d8878efeb0cff50c05a6fdd90f83d66a56cd002d447c9fb3eabc646f5d6f03
C:/Users/EZ/Desktop/git-blog/_image/2025-10-09-5.png,2025-10-09-5.png,C:/Users/EZ/Desktop/git-blog/_image/2025-10-09-00-00-04.png,2025-10-09-00-00-04.png,2025-10-09T00:00:04,파일명 날짜/시각 또는 파일 수정 시각 + 이름 충돌 보정,42981,e493eb46745b0116d41f7d2479a183e6fd1f04468959e53f2522fedfd0bae4b0
C:/Users/EZ/Desktop/git-blog/_image/2025-10-11-1.png,2025-10-11-1.png,C:/Users/EZ/Desktop/git-blog/_image/2025-10-11-00-00-00.png,2025-10-11-00-00-00.png,2025-10-11T00:00:00,파일명 날짜/시각 또는 파일 수정 시각,28721,3bf0f21b963e07b9a18101da420fdb601ee754912e33094983872a4e8747aa69
C:/Users/EZ/Desktop/git-blog/_image/2025-10-14-1.jpg,2025-10-14-1.jpg,C:/Users/EZ/Desktop/git-blog/_image/2025-10-14-00-00-00.jpg,2025-10-14-00-00-00.jpg,2025-10-14T00:00:00,파일명 날짜/시각 또는 파일 수정 시각,92666,dd7d97c17aa43a03f251ee1e1460f1b716a6bbe0f61b34d3ee4a0efbfa664bd0
C:/Users/EZ/Desktop/git-blog/_image/2025-10-14-10.jpg,2025-10-14-10.jpg,C:/Users/EZ/Desktop/git-blog/_image/2025-10-14-00-00-01.jpg,2025-10-14-00-00-01.jpg,2025-10-14T00:00:01,파일명 날짜/시각 또는 파일 수정 시각 + 이름 충돌 보정,165049,7528db846e3583634be78ca6f5cb22649c2b8d904cf139d242d23fce60d96e0a
C:/Users/EZ/Desktop/git-blog/_image/2025-10-14-11.jpg,2025-10-14-11.jpg,C:/Users/EZ/Desktop/git-blog/_image/2025-10-14-00-00-02.jpg,2025-10-14-00-00-02.jpg,2025-10-14T00:00:02,파일명 날짜/시각 또는 파일 수정 시각 + 이름 충돌 보정,319347,63321a4cca9fbed9e20f8ad457896a3cd87a4b81e16b8d106cbb43ec85721670
C:/Users/EZ/Desktop/git-blog/_image/2025-10-14-12.jpg,2025-10-14-12.jpg,C:/Users/EZ/Desktop/git-blog/_image/2025-10-14-00-00-03.jpg,2025-10-14-00-00-03.jpg,2025-10-14T00:00:03,파일명 날짜/시각 또는 파일 수정 시각 + 이름 충돌 보정,69132,fa661da4e8390f377792775e8ad7740d3b36bcc9e57066c8eb8f00618c74a1c2
C:/Users/EZ/Desktop/git-blog/_image/2025-10-14-13.jpg,2025-10-14-13.jpg,C:/Users/EZ/Desktop/git-blog/_image/2025-10-14-00-00-04.jpg,2025-10-14-00-00-04.jpg,2025-10-14T00:00:04,파일명 날짜/시각 또는 파일 수정 시각 + 이름 충돌 보정,33689,e9c4f8715ff3358b90f51ee8c4292d9382ac3ba454ffab8c6fd0f45069b1a239
C:/Users/EZ/Desktop/git-blog/_image/2025-10-14-14.jpg,2025-10-14-14.jpg,C:/Users/EZ/Desktop/git-blog/_image/2025-10-14-00-00-05.jpg,2025-10-14-00-00-05.jpg,2025-10-14T00:00:05,파일명 날짜/시각 또는 파일 수정 시각 + 이름 충돌 보정,53322,1d0e4e5d1c81b8622ee1edeff4206bcaaf932916182ce8bd1b26d6aa79c2213f
C:/Users/EZ/Desktop/git-blog/_image/2025-10-14-15.jpg,2025-10-14-15.jpg,C:/Users/EZ/Desktop/git-blog/_image/2025-10-14-00-00-06.jpg,2025-10-14-00-00-06.jpg,2025-10-14T00:00:06,파일명 날짜/시각 또는 파일 수정 시각 + 이름 충돌 보정,42631,79598d42a542cc0f29b2de898589c26392c25040649b7d596570bc5400760631
C:/Users/EZ/Desktop/git-blog/_image/2025-10-14-16.jpg,2025-10-14-16.jpg,C:/Users/EZ/Desktop/git-blog/_image/2025-10-14-00-00-07.jpg,2025-10-14-00-00-07.jpg,2025-10-14T00:00:07,파일명 날짜/시각 또는 파일 수정 시각 + 이름 충돌 보정,41368,14f4ba9769abc9fb290f7289bc6257341c50d61ac02b635cb6f63026295a3e96
C:/Users/EZ/Desktop/git-blog/_image/2025-10-14-17.jpg,2025-10-14-17.jpg,C:/Users/EZ/Desktop/git-blog/_image/2025-10-14-00-00-08.jpg,2025-10-14-00-00-08.jpg,2025-10-14T00:00:08,파일명 날짜/시각 또는 파일 수정 시각 + 이름 충돌 보정,45628,88b96ec19603960a92766f21a4ac7db29b428d707829b997ba9708ea69b3a9fe
C:/Users/EZ/Desktop/git-blog/_image/2025-10-14-2.jpg,2025-10-14-2.jpg,C:/Users/EZ/Desktop/git-blog/_image/2025-10-14-00-00-09.jpg,2025-10-14-00-00-09.jpg,2025-10-14T00:00:09,파일명 날짜/시각 또는 파일 수정 시각 + 이름 충돌 보정,165996,f51c75db757fe884e2f5e992cee0a6e2cf03424b2cabb5a4983246f3d6610770
C:/Users/EZ/Desktop/git-blog/_image/2025-10-14-4.jpg,2025-10-14-4.jpg,C:/Users/EZ/Desktop/git-blog/_image/2025-10-14-00-00-10.jpg,2025-10-14-00-00-10.jpg,2025-10-14T00:00:10,파일명 날짜/시각 또는 파일 수정 시각 + 이름 충돌 보정,107921,e5d0934a00e7c45eb1cf1353d2ec4365f43bb4585bf5b45750fe0f3d4eb07097
C:/Users/EZ/Desktop/git-blog/_image/2025-10-14-5.jpg,2025-10-14-5.jpg,C:/Users/EZ/Desktop/git-blog/_image/2025-10-14-00-00-11.jpg,2025-10-14-00-00-11.jpg,2025-10-14T00:00:11,파일명 날짜/시각 또는 파일 수정 시각 + 이름 충돌 보정,71420,5c8fc368e4776b17fdd97eca2c8fd99a5a76b494b795bf55205fb6694a5c10f4
C:/Users/EZ/Desktop/git-blog/_image/2025-10-14-6.jpg,2025-10-14-6.jpg,C:/Users/EZ/Desktop/git-blog/_image/2025-10-14-00-00-12.jpg,2025-10-14-00-00-12.jpg,2025-10-14T00:00:12,파일명 날짜/시각 또는 파일 수정 시각 + 이름 충돌 보정,43264,8f69db93413ee3aa0a96bfc3714605aa5f084ae4d87e36a6339ca86fed6be600
C:/Users/EZ/Desktop/git-blog/_image/2025-10-14-7.jpg,2025-10-14-7.jpg,C:/Users/EZ/Desktop/git-blog/_image/2025-10-14-00-00-13.jpg,2025-10-14-00-00-13.jpg,2025-10-14T00:00:13,파일명 날짜/시각 또는 파일 수정 시각 + 이름 충돌 보정,72546,388059b3d1e268b4ac862d000067495132cb7068cc128c4b2ef20181fcab9bcf
C:/Users/EZ/Desktop/git-blog/_image/2025-10-14-8.jpg,2025-10-14-8.jpg,C:/Users/EZ/Desktop/git-blog/_image/2025-10-14-00-00-14.jpg,2025-10-14-00-00-14.jpg,2025-10-14T00:00:14,파일명 날짜/시각 또는 파일 수정 시각 + 이름 충돌 보정,43838,f29e8f4cad5ce47081c5e7c2237cb31ae174191361a89b7f213a62e5b6cddac3
C:/Users/EZ/Desktop/git-blog/_image/2025-10-14-9.jpg,2025-10-14-9.jpg,C:/Users/EZ/Desktop/git-blog/_image/2025-10-14-00-00-15.jpg,2025-10-14-00-00-15.jpg,2025-10-14T00:00:15,파일명 날짜/시각 또는 파일 수정 시각 + 이름 충돌 보정,96762,9df9ed9b92e5f88c33d4e8ea37ccb5f599c5fc9da789ea80b970c3bd37bd8507
C:/Users/EZ/Desktop/git-blog/_image/2025-10-15-1.jpg,2025-10-15-1.jpg,C:/Users/EZ/Desktop/git-blog/_image/2025-10-15-00-00-00.jpg,2025-10-15-00-00-00.jpg,2025-10-15T00:00:00,파일명 날짜/시각 또는 파일 수정 시각,67816,2f317d92a57baa9205f6e74c7d9ae9eb28904435c29db93a3a41dc1aefd9f970
C:/Users/EZ/Desktop/git-blog/_image/2025-10-15-10.jpg,2025-10-15-10.jpg,C:/Users/EZ/Desktop/git-blog/_image/2025-10-15-00-00-01.jpg,2025-10-15-00-00-01.jpg,2025-10-15T00:00:01,파일명 날짜/시각 또는 파일 수정 시각 + 이름 충돌 보정,142955,22dfc2e9cdb5fb3a3c5d5a30e1177c8242d1426cd1f9befad1ea7a84078b54ea
C:/Users/EZ/Desktop/git-blog/_image/2025-10-15-11.jpg,2025-10-15-11.jpg,C:/Users/EZ/Desktop/git-blog/_image/2025-10-15-00-00-02.jpg,2025-10-15-00-00-02.jpg,2025-10-15T00:00:02,파일명 날짜/시각 또는 파일 수정 시각 + 이름 충돌 보정,31552,606e1c97e2feff10e4c02c491661a7fd97150328362edd07e19cbad91dcc488e
C:/Users/EZ/Desktop/git-blog/_image/2025-10-15-12.jpg,2025-10-15-12.jpg,C:/Users/EZ/Desktop/git-blog/_image/2025-10-15-00-00-03.jpg,2025-10-15-00-00-03.jpg,2025-10-15T00:00:03,파일명 날짜/시각 또는 파일 수정 시각 + 이름 충돌 보정,95206,281612bd2b9ef6fb8d64f1ef7840c6d5bccafff60f23f161c24ea75744e1c4bc
C:/Users/EZ/Desktop/git-blog/_image/2025-10-15-13.jpg,2025-10-15-13.jpg,C:/Users/EZ/Desktop/git-blog/_image/2025-10-15-00-00-04.jpg,2025-10-15-00-00-04.jpg,2025-10-15T00:00:04,파일명 날짜/시각 또는 파일 수정 시각 + 이름 충돌 보정,86481,55a15dc2f2a6999fc94ae930508b95e01d88ef095dce8d28c64b5aca753e17bd
C:/Users/EZ/Desktop/git-blog/_image/2025-10-15-14.jpg,2025-10-15-14.jpg,C:/Users/EZ/Desktop/git-blog/_image/2025-10-15-00-00-05.jpg,2025-10-15-00-00-05.jpg,2025-10-15T00:00:05,파일명 날짜/시각 또는 파일 수정 시각 + 이름 충돌 보정,114976,a8669e3968d45be20e4b530bb148595160d5c0e1e356f1131b30164e1fab98c0
C:/Users/EZ/Desktop/git-blog/_image/2025-10-15-15.jpg,2025-10-15-15.jpg,C:/Users/EZ/Desktop/git-blog/_image/2025-10-15-00-00-06.jpg,2025-10-15-00-00-06.jpg,2025-10-15T00:00:06,파일명 날짜/시각 또는 파일 수정 시각 + 이름 충돌 보정,106358,72a4cfe04bfe18f48b9874db2a54235805efdfb08e58cecb4ee6402506907c59
C:/Users/EZ/Desktop/git-blog/_image/2025-10-15-2.jpg,2025-10-15-2.jpg,C:/Users/EZ/Desktop/git-blog/_image/2025-10-15-00-00-07.jpg,2025-10-15-00-00-07.jpg,2025-10-15T00:00:07,파일명 날짜/시각 또는 파일 수정 시각 + 이름 충돌 보정,57899,62d3f93a0b0526e07180769cc980c7cb0a3564022ca203463737b8496410d57c
C:/Users/EZ/Desktop/git-blog/_image/2025-10-15-3.jpg,2025-10-15-3.jpg,C:/Users/EZ/Desktop/git-blog/_image/2025-10-15-00-00-08.jpg,2025-10-15-00-00-08.jpg,2025-10-15T00:00:08,파일명 날짜/시각 또는 파일 수정 시각 + 이름 충돌 보정,111651,80417c09ceed0e1bd14a57f1cb4f3e29ba9c2fb42736f574b731b005cf5412c3
C:/Users/EZ/Desktop/git-blog/_image/2025-10-15-4.jpg,2025-10-15-4.jpg,C:/Users/EZ/Desktop/git-blog/_image/2025-10-15-00-00-09.jpg,2025-10-15-00-00-09.jpg,2025-10-15T00:00:09,파일명 날짜/시각 또는 파일 수정 시각 + 이름 충돌 보정,99090,d0680efd95311e0e319e0925a778077bb0686b08e432419726056554a73e3abd
C:/Users/EZ/Desktop/git-blog/_image/2025-10-15-5.jpg,2025-10-15-5.jpg,C:/Users/EZ/Desktop/git-blog/_image/2025-10-15-00-00-10.jpg,2025-10-15-00-00-10.jpg,2025-10-15T00:00:10,파일명 날짜/시각 또는 파일 수정 시각 + 이름 충돌 보정,271759,37be230c403c664595991e4a92662136290f170fe94edfa2b6b7491a373e3fc2
C:/Users/EZ/Desktop/git-blog/_image/2025-10-15-6.jpg,2025-10-15-6.jpg,C:/Users/EZ/Desktop/git-blog/_image/2025-10-15-00-00-11.jpg,2025-10-15-00-00-11.jpg,2025-10-15T00:00:11,파일명 날짜/시각 또는 파일 수정 시각 + 이름 충돌 보정,420437,b7e5dcef4fe9c5360e10fb1594616a24ba043060cb2bb44d09df1d151172c79a
C:/Users/EZ/Desktop/git-blog/_image/2025-10-15-7.jpg,2025-10-15-7.jpg,C:/Users/EZ/Desktop/git-blog/_image/2025-10-15-00-00-12.jpg,2025-10-15-00-00-12.jpg,2025-10-15T00:00:12,파일명 날짜/시각 또는 파일 수정 시각 + 이름 충돌 보정,179763,dee7fbe5b4b70f0b7d784484f3873f8b45d4f2b088e8a7844b6529553c84efd1
C:/Users/EZ/Desktop/git-blog/_image/2025-10-15-8.jpg,2025-10-15-8.jpg,C:/Users/EZ/Desktop/git-blog/_image/2025-10-15-00-00-13.jpg,2025-10-15-00-00-13.jpg,2025-10-15T00:00:13,파일명 날짜/시각 또는 파일 수정 시각 + 이름 충돌 보정,17115,2dbfea6958d186098ed6f1f21f95f5fa2cf80753ceebad48bf70e80442511df7
C:/Users/EZ/Desktop/git-blog/_image/2025-10-15-9.jpg,2025-10-15-9.jpg,C:/Users/EZ/Desktop/git-blog/_image/2025-10-15-00-00-14.jpg,2025-10-15-00-00-14.jpg,2025-10-15T00:00:14,파일명 날짜/시각 또는 파일 수정 시각 + 이름 충돌 보정,168684,4a6367c9d7d8a900d458b0c3c3a2b0440ef9efed053df677951a57437433a66e
C:/Users/EZ/Desktop/git-blog/_image/2025-11-11-1.png,2025-11-11-1.png,C:/Users/EZ/Desktop/git-blog/_image/2025-11-11-00-00-00.png,2025-11-11-00-00-00.png,2025-11-11T00:00:00,파일명 날짜/시각 또는 파일 수정 시각,275151,8c730f768af3178396fd8ec99c0a26c247bf782aabe9e13110f9aa89054a0f66
C:/Users/EZ/Desktop/git-blog/_image/Pasted image 20260609142447.jpg,Pasted image 20260609142447.jpg,C:/Users/EZ/Desktop/git-blog/_image/2026-06-09-14-24-47.jpg,2026-06-09-14-24-47.jpg,2026-06-09T14:24:47,파일명 날짜/시각 또는 파일 수정 시각,724135,fc46ab2e7d623a637c30e57a01ee9bed3698886a541e5fdf001483e0f12acb66
C:/Users/EZ/Desktop/git-blog/_image/Pasted image 20260609142548.jpg,Pasted image 20260609142548.jpg,C:/Users/EZ/Desktop/git-blog/_image/2026-06-09-14-25-48.jpg,2026-06-09-14-25-48.jpg,2026-06-09T14:25:48,파일명 날짜/시각 또는 파일 수정 시각,58403,9dc50c9f289b0015b4b88f577e085c1fdea7940c37eb6774dd0bc7a83c7f5682
C:/Users/EZ/Desktop/git-blog/_image/Pasted image 20260609142624.jpg,Pasted image 20260609142624.jpg,C:/Users/EZ/Desktop/git-blog/_image/2026-06-09-14-26-24.jpg,2026-06-09-14-26-24.jpg,2026-06-09T14:26:24,파일명 날짜/시각 또는 파일 수정 시각,46704,3edd39c1c0fb26864211689b7bd50ec961b832f8456a26ba07c0d0d24db5787c
C:/Users/EZ/Desktop/git-blog/_image/Pasted image 20260609142716.jpg,Pasted image 20260609142716.jpg,C:/Users/EZ/Desktop/git-blog/_image/2026-06-09-14-27-16.jpg,2026-06-09-14-27-16.jpg,2026-06-09T14:27:16,파일명 날짜/시각 또는 파일 수정 시각,47646,6ce0050e00ab1674a0954dc21a57a6223930b2a3c96c5f8fc25fc6723943af69
C:/Users/EZ/Desktop/git-blog/_image/Pasted image 20260609142941.jpg,Pasted image 20260609142941.jpg,C:/Users/EZ/Desktop/git-blog/_image/2026-06-09-14-29-41.jpg,2026-06-09-14-29-41.jpg,2026-06-09T14:29:41,파일명 날짜/시각 또는 파일 수정 시각,84674,59422fb819badb0f96ec1b84d6dba6b6362e773a767c7dc55910b7d27abc5e37
C:/Users/EZ/Desktop/git-blog/_image/Pasted image 20260609142951.jpg,Pasted image 20260609142951.jpg,C:/Users/EZ/Desktop/git-blog/_image/2026-06-09-14-29-51.jpg,2026-06-09-14-29-51.jpg,2026-06-09T14:29:51,파일명 날짜/시각 또는 파일 수정 시각,52561,8f9f973eee334906a7f5f6aebf61218c6b82bf6ae32c1d843dfa507366eb054a
C:/Users/EZ/Desktop/git-blog/_image/Pasted image 20260609143006.jpg,Pasted image 20260609143006.jpg,C:/Users/EZ/Desktop/git-blog/_image/2026-06-09-14-30-06.jpg,2026-06-09-14-30-06.jpg,2026-06-09T14:30:06,파일명 날짜/시각 또는 파일 수정 시각,46704,3edd39c1c0fb26864211689b7bd50ec961b832f8456a26ba07c0d0d24db5787c
C:/Users/EZ/Desktop/git-blog/_image/Pasted image 20260609143017.jpg,Pasted image 20260609143017.jpg,C:/Users/EZ/Desktop/git-blog/_image/2026-06-09-14-30-17.jpg,2026-06-09-14-30-17.jpg,2026-06-09T14:30:17,파일명 날짜/시각 또는 파일 수정 시각,47646,6ce0050e00ab1674a0954dc21a57a6223930b2a3c96c5f8fc25fc6723943af69
C:/Users/EZ/Desktop/git-blog/_image/Pasted image 20260609144142.jpg,Pasted image 20260609144142.jpg,C:/Users/EZ/Desktop/git-blog/_image/2026-06-09-14-41-42.jpg,2026-06-09-14-41-42.jpg,2026-06-09T14:41:42,파일명 날짜/시각 또는 파일 수정 시각,89290,7b2ca2c098d6d9d97a66b6eb79dc387c334af1a7d963f1a0f1e279c015419adb
C:/Users/EZ/Desktop/git-blog/_image/Pasted image 20260609144614.jpg,Pasted image 20260609144614.jpg,C:/Users/EZ/Desktop/git-blog/_image/2026-06-09-14-46-14.jpg,2026-06-09-14-46-14.jpg,2026-06-09T14:46:14,파일명 날짜/시각 또는 파일 수정 시각,89179,e1e073b8fc863d44b57ae1aafbbed3f937f1033a685de3d7a972763a00a6b358
C:/Users/EZ/Desktop/git-blog/_image/Pasted image 20260609144842.jpg,Pasted image 20260609144842.jpg,C:/Users/EZ/Desktop/git-blog/_image/2026-06-09-14-48-42.jpg,2026-06-09-14-48-42.jpg,2026-06-09T14:48:42,파일명 날짜/시각 또는 파일 수정 시각,91674,4d0cd1846c77054e7faee460374309e773565091be8445d09e25272263291d1f
C:/Users/EZ/Desktop/git-blog/_image/Pasted image 20260609145231.jpg,Pasted image 20260609145231.jpg,C:/Users/EZ/Desktop/git-blog/_image/2026-06-09-14-52-31.jpg,2026-06-09-14-52-31.jpg,2026-06-09T14:52:31,파일명 날짜/시각 또는 파일 수정 시각,72554,7f73c407f95785f696c8a6097eb71619cc61d5bc6f589684645d32b630ffe91d
C:/Users/EZ/Desktop/git-blog/_image/Pasted image 20260609145458.jpg,Pasted image 20260609145458.jpg,C:/Users/EZ/Desktop/git-blog/_image/2026-06-09-14-54-58.jpg,2026-06-09-14-54-58.jpg,2026-06-09T14:54:58,파일명 날짜/시각 또는 파일 수정 시각,89423,f7439774329995d6e755c74b99b437d0fde9d1af204307741d857e348c5f1f85
C:/Users/EZ/Desktop/git-blog/_image/Pasted image 20260609152555.jpg,Pasted image 20260609152555.jpg,C:/Users/EZ/Desktop/git-blog/_image/2026-06-09-15-25-55.jpg,2026-06-09-15-25-55.jpg,2026-06-09T15:25:55,파일명 날짜/시각 또는 파일 수정 시각,37156,f15e2bd8ff2e8d61b456ff4cb5acf1c8ca4a782b5c5f8b1c811a7f4001821a97
C:/Users/EZ/Desktop/git-blog/_image/Pasted image 20260609152702.jpg,Pasted image 20260609152702.jpg,C:/Users/EZ/Desktop/git-blog/_image/2026-06-09-15-27-02.jpg,2026-06-09-15-27-02.jpg,2026-06-09T15:27:02,파일명 날짜/시각 또는 파일 수정 시각,50996,a1a8ae77f00dd00c18f462cdd4d3b3574e48eadc05c5cfed426b89523d974cc2
C:/Users/EZ/Desktop/git-blog/_image/Pasted image 20260609152732.jpg,Pasted image 20260609152732.jpg,C:/Users/EZ/Desktop/git-blog/_image/2026-06-09-15-27-32.jpg,2026-06-09-15-27-32.jpg,2026-06-09T15:27:32,파일명 날짜/시각 또는 파일 수정 시각,85873,0432c0ecddcbd1983f62ed11e751d3223b9053464ad89c43dfb714d6b09da21e
C:/Users/EZ/Desktop/git-blog/_image/Pasted image 20260609152901.jpg,Pasted image 20260609152901.jpg,C:/Users/EZ/Desktop/git-blog/_image/2026-06-09-15-29-01.jpg,2026-06-09-15-29-01.jpg,2026-06-09T15:29:01,파일명 날짜/시각 또는 파일 수정 시각,28364,80444e39bb4de24368f777e8d328a8d5cfcc8cfd33bf0e0a74830cc819ed070b
